yearID,Team,Age,W,L,PW,PL,MOV,SOS,SRS,ORtg,DRtg,NRtg,Pace,FTr,3PAr,TS%,eFG%,TOV%,ORB%,FT/FGA,eFG%,TOV%,DRB%,FT/FGA
2000,Los Angeles Lakers,29.2,67.0,15.0,64,18,8.55,-0.14,8.41,107.3,98.2,9.1,93.3,0.34600000000000003,0.153,0.525,0.484,12.7,30.6,0.24100000000000002,0.44299999999999995,13.4,73.1,0.222
2000,Portland Trail Blazers,29.6,59.0,23.0,59,23,6.4,-0.04,6.36,107.9,100.8,7.1,89.9,0.316,0.175,0.546,0.501,14.5,30.3,0.24,0.461,13.8,72.4,0.217
2000,San Antonio Spurs,30.9,53.0,29.0,58,24,5.94,-0.02,5.92,105.0,98.6,6.4,90.8,0.34600000000000003,0.138,0.535,0.488,14.3,27.8,0.258,0.451,13.5,73.0,0.188
2000,Phoenix Suns,28.6,53.0,29.0,56,26,5.22,0.02,5.24,104.6,99.0,5.6,94.0,0.28600000000000003,0.184,0.532,0.491,15.2,29.3,0.217,0.45399999999999996,15.7,70.5,0.245
2000,Utah Jazz,31.5,55.0,27.0,54,28,4.46,0.05,4.52,107.3,102.3,5.0,89.6,0.337,0.134,0.54,0.49,14.3,29.5,0.26,0.47700000000000004,15.0,73.2,0.256
2000,Indiana Pacers,30.4,56.0,26.0,54,28,4.6,-0.45,4.15,108.5,103.6,4.9,93.1,0.302,0.22399999999999998,0.552,0.503,13.3,24.9,0.245,0.469,12.6,71.5,0.19699999999999998
2000,Sacramento Kings,27.5,44.0,38.0,49,33,2.91,0.12,3.04,105.0,102.1,2.9,99.3,0.27699999999999997,0.22699999999999998,0.526,0.486,13.9,27.7,0.209,0.479,15.1,69.7,0.198
2000,Miami Heat,29.2,52.0,30.0,50,32,3.11,-0.36,2.75,104.5,101.0,3.5,89.7,0.28300000000000003,0.18600000000000003,0.5329999999999999,0.495,14.5,28.2,0.20800000000000002,0.45299999999999996,13.3,72.9,0.22899999999999998
2000,Minnesota Timberwolves,26.6,50.0,32.0,48,34,2.52,0.14,2.67,106.1,103.4,2.7,91.8,0.256,0.10400000000000001,0.525,0.485,12.9,29.4,0.2,0.474,14.0,73.0,0.25
2000,Charlotte Hornets,28.7,49.0,33.0,49,33,2.67,-0.34,2.33,104.3,101.4,2.9,93.9,0.376,0.153,0.53,0.475,13.7,25.7,0.285,0.478,14.6,73.2,0.198
2000,New York Knicks,29.5,50.0,32.0,46,36,1.46,-0.16,1.3,102.5,100.9,1.6,89.2,0.28300000000000003,0.147,0.527,0.48200000000000004,14.4,24.7,0.221,0.455,13.6,73.1,0.251
2000,Seattle SuperSonics,28.5,45.0,37.0,44,38,0.95,0.22,1.17,105.6,104.6,1.0,93.4,0.282,0.23199999999999998,0.52,0.48700000000000004,12.9,28.5,0.196,0.483,14.0,69.6,0.193
2000,Detroit Pistons,28.3,42.0,40.0,45,37,1.44,-0.31,1.13,107.3,105.8,1.5,95.7,0.37799999999999995,0.184,0.5479999999999999,0.49200000000000005,14.3,26.8,0.295,0.499,15.4,71.6,0.249
2000,Philadelphia 76ers,27.1,49.0,33.0,45,37,1.34,-0.32,1.02,101.5,100.0,1.5,92.7,0.32899999999999996,0.095,0.501,0.457,14.2,31.4,0.233,0.466,16.2,69.9,0.22899999999999998
2000,Orlando Magic,26.3,41.0,41.0,43,39,0.68,-0.26,0.43,102.4,101.7,0.7,97.3,0.305,0.124,0.516,0.473,15.4,31.6,0.22399999999999998,0.47600000000000003,15.9,69.9,0.226
2000,Milwaukee Bucks,28.2,42.0,40.0,42,40,0.22,-0.28,-0.06,108.2,107.9,0.3,92.7,0.29,0.157,0.539,0.494,13.8,30.0,0.228,0.496,14.6,69.6,0.254
2000,Dallas Mavericks,26.3,40.0,42.0,39,43,-0.57,0.29,-0.29,106.6,107.2,-0.6,94.9,0.248,0.188,0.532,0.49,12.6,25.5,0.2,0.488,14.2,66.1,0.21
2000,Toronto Raptors,29.3,45.0,37.0,41,41,-0.16,-0.3,-0.46,104.7,104.9,-0.2,92.5,0.3,0.17,0.511,0.46399999999999997,12.7,30.1,0.23,0.48,14.2,71.8,0.247
2000,Houston Rockets,26.3,34.0,48.0,39,43,-0.87,0.3,-0.57,104.8,105.7,-0.9,94.2,0.322,0.244,0.536,0.494,15.8,29.1,0.23600000000000002,0.48100000000000004,12.5,71.6,0.201
2000,Boston Celtics,25.4,35.0,47.0,39,43,-0.76,-0.24,-1.0,104.8,105.6,-0.8,94.6,0.316,0.183,0.52,0.474,13.8,30.4,0.23600000000000002,0.498,15.8,73.8,0.306
2000,New Jersey Nets,27.3,31.0,51.0,38,44,-1.04,-0.15,-1.18,105.1,106.3,-1.2,92.5,0.297,0.2,0.517,0.46799999999999997,12.6,28.1,0.233,0.491,15.2,67.2,0.223
2000,Denver Nuggets,25.9,35.0,47.0,35,47,-2.12,0.36,-1.76,103.5,105.8,-2.3,94.7,0.306,0.20199999999999999,0.517,0.47600000000000003,14.0,29.2,0.222,0.479,13.0,71.6,0.235
2000,Washington Wizards,28.0,29.0,53.0,32,50,-3.28,-0.19,-3.47,103.5,107.0,-3.5,92.7,0.315,0.133,0.521,0.47600000000000003,14.8,30.6,0.23399999999999999,0.489,13.9,71.7,0.273
2000,Cleveland Cavaliers,27.2,32.0,50.0,31,51,-3.5,-0.14,-3.64,100.4,104.0,-3.6,95.7,0.327,0.136,0.516,0.46799999999999997,15.6,28.1,0.245,0.474,15.1,71.2,0.275
2000,Vancouver Grizzlies,25.3,22.0,60.0,25,57,-5.62,0.52,-5.1,102.3,108.5,-6.2,91.0,0.32,0.139,0.524,0.474,15.8,30.1,0.247,0.502,14.1,70.6,0.231
2000,Atlanta Hawks,27.6,28.0,54.0,26,56,-5.38,-0.04,-5.41,102.0,107.9,-5.9,91.7,0.292,0.12,0.503,0.46,14.1,31.7,0.217,0.48100000000000004,11.3,71.0,0.196
2000,Golden State Warriors,26.9,19.0,63.0,20,62,-8.27,0.64,-7.63,99.8,108.4,-8.6,95.4,0.301,0.15,0.484,0.444,13.9,32.6,0.21,0.499,14.6,69.1,0.259
2000,Chicago Bulls,26.0,17.0,65.0,15,67,-9.4,0.17,-9.23,94.2,104.6,-10.4,89.4,0.33799999999999997,0.16699999999999998,0.49,0.44299999999999995,18.0,29.9,0.24,0.484,14.5,69.9,0.24
2000,Los Angeles Clippers,24.2,15.0,67.0,13,69,-11.52,0.8,-10.73,97.8,110.1,-12.3,93.9,0.27,0.188,0.499,0.45799999999999996,14.9,26.1,0.20199999999999999,0.507,13.1,69.6,0.22
2001,Los Angeles Lakers,29.5,58.0,24.0,63,19,7.76,0.16,7.92,106.6,98.0,8.6,89.6,0.374,0.175,0.541,0.496,13.6,27.1,0.267,0.444,12.9,73.7,0.182
2001,Portland Trail Blazers,27.1,55.0,27.0,57,25,5.82,0.25,6.07,105.6,99.6,6.0,94.4,0.298,0.19399999999999998,0.529,0.484,13.4,27.2,0.23,0.46,14.5,70.7,0.18100000000000002
2001,San Antonio Spurs,32.0,53.0,29.0,55,27,4.7,0.31,5.0,107.6,102.4,5.2,89.8,0.363,0.135,0.546,0.49700000000000005,15.1,30.2,0.273,0.473,15.6,73.2,0.301
2001,Phoenix Suns,26.6,53.0,29.0,53,29,4.28,0.32,4.61,107.1,102.6,4.5,93.2,0.29100000000000004,0.20199999999999999,0.544,0.498,13.1,24.1,0.231,0.467,14.2,70.7,0.244
2001,Utah Jazz,30.1,50.0,32.0,53,29,4.2,0.33,4.52,106.5,101.8,4.7,89.1,0.29600000000000004,0.165,0.539,0.49700000000000005,14.8,30.0,0.225,0.47,14.3,72.4,0.223
2001,Indiana Pacers,29.2,56.0,26.0,51,31,3.38,0.37,3.74,108.4,104.8,3.6,91.7,0.349,0.191,0.535,0.498,13.3,31.1,0.23800000000000002,0.46799999999999997,12.2,72.5,0.23399999999999999
2001,Sacramento Kings,28.2,56.0,26.0,54,28,4.28,-0.65,3.64,103.6,98.9,4.7,90.6,0.35100000000000003,0.124,0.518,0.46799999999999997,14.7,31.2,0.262,0.46,14.5,72.5,0.18600000000000003
2001,Miami Heat,28.2,52.0,30.0,52,30,3.88,-0.74,3.14,108.8,104.6,4.2,92.1,0.276,0.218,0.542,0.499,12.8,28.1,0.217,0.473,14.4,71.1,0.253
2001,Minnesota Timberwolves,26.7,45.0,37.0,48,34,2.29,0.42,2.71,106.7,104.2,2.5,90.4,0.321,0.217,0.5379999999999999,0.49200000000000005,14.0,27.5,0.244,0.475,12.6,71.9,0.20600000000000002
2001,Charlotte Hornets,28.6,51.0,31.0,48,34,2.21,0.42,2.63,100.3,98.0,2.3,93.1,0.292,0.156,0.506,0.46,14.1,27.3,0.221,0.46,16.3,73.7,0.252
2001,New York Knicks,29.8,48.0,34.0,50,32,2.63,-0.65,1.98,101.2,98.2,3.0,86.7,0.27899999999999997,0.18,0.523,0.47600000000000003,14.6,24.2,0.222,0.45299999999999996,14.7,74.3,0.24
2001,Seattle SuperSonics,27.4,47.0,35.0,45,37,1.35,0.46,1.81,105.2,103.7,1.5,91.8,0.253,0.131,0.523,0.48200000000000004,13.0,28.6,0.19899999999999998,0.478,14.2,71.9,0.23800000000000002
2001,Detroit Pistons,30.9,50.0,32.0,48,34,2.29,-0.57,1.73,101.1,98.5,2.6,87.1,0.299,0.221,0.515,0.469,13.7,24.3,0.22699999999999998,0.46,15.3,72.7,0.214
2001,Philadelphia 76ers,29.9,47.0,35.0,48,34,2.26,-0.57,1.69,105.9,103.4,2.5,90.9,0.285,0.16699999999999998,0.51,0.46799999999999997,12.1,30.8,0.213,0.47600000000000003,13.3,73.2,0.212
2001,Orlando Magic,28.2,46.0,36.0,48,34,2.1,-0.65,1.45,101.8,99.5,2.3,89.4,0.33,0.151,0.506,0.457,13.7,29.8,0.24600000000000002,0.456,14.1,74.5,0.222
2001,Milwaukee Bucks,27.9,44.0,38.0,41,41,0.02,0.52,0.55,105.6,105.6,0.0,91.6,0.299,0.17600000000000002,0.53,0.491,14.3,29.1,0.21899999999999997,0.488,13.9,69.8,0.19899999999999998
2001,Dallas Mavericks,26.0,43.0,39.0,44,38,0.99,-0.6,0.39,103.2,102.1,1.1,93.2,0.301,0.196,0.513,0.474,13.8,29.1,0.215,0.46399999999999997,15.6,69.8,0.29
2001,Toronto Raptors,27.7,41.0,41.0,40,42,-0.2,-0.57,-0.77,102.0,102.2,-0.2,89.4,0.312,0.18,0.519,0.47100000000000003,14.5,27.0,0.239,0.452,12.8,71.4,0.235
2001,Houston Rockets,27.9,40.0,42.0,34,48,-2.46,0.64,-1.83,103.7,106.3,-2.6,92.6,0.28600000000000003,0.21,0.511,0.47,12.8,28.3,0.21100000000000002,0.47600000000000003,12.1,71.8,0.223
2001,Boston Celtics,27.1,32.0,50.0,36,46,-1.7,-0.39,-2.08,100.0,101.8,-1.8,94.7,0.325,0.162,0.498,0.45299999999999996,14.2,29.3,0.23399999999999999,0.466,14.0,72.2,0.233
2001,New Jersey Nets,24.3,31.0,51.0,32,50,-2.89,0.66,-2.23,101.3,104.5,-3.2,89.6,0.319,0.16399999999999998,0.514,0.47600000000000003,14.9,28.3,0.221,0.466,12.0,71.1,0.217
2001,Denver Nuggets,25.9,36.0,46.0,35,47,-2.13,-0.26,-2.4,101.4,103.7,-2.3,92.6,0.33799999999999997,0.252,0.521,0.473,14.7,25.3,0.25,0.493,16.0,72.7,0.256
2001,Washington Wizards,26.9,30.0,52.0,28,54,-4.24,-0.23,-4.48,100.3,104.9,-4.6,91.2,0.312,0.10099999999999999,0.509,0.45899999999999996,15.4,29.7,0.239,0.47700000000000004,14.1,71.1,0.248
2001,Cleveland Cavaliers,26.2,23.0,59.0,25,57,-5.73,0.79,-4.94,99.6,105.8,-6.2,91.7,0.289,0.145,0.51,0.46399999999999997,14.9,26.1,0.223,0.491,13.8,69.8,0.19399999999999998
2001,Vancouver Grizzlies,27.5,26.0,56.0,26,56,-5.05,-0.25,-5.3,100.0,105.5,-5.5,91.8,0.32799999999999996,0.165,0.504,0.452,13.9,25.7,0.249,0.488,14.9,70.0,0.258
2001,Atlanta Hawks,26.1,25.0,57.0,26,56,-5.21,-0.34,-5.55,98.7,104.3,-5.6,91.9,0.272,0.14,0.5,0.456,15.5,28.9,0.20600000000000002,0.47200000000000003,13.8,70.8,0.249
2001,Golden State Warriors,27.0,19.0,63.0,23,59,-6.67,-0.08,-6.75,100.6,107.8,-7.2,92.7,0.348,0.131,0.514,0.46,15.7,29.7,0.264,0.503,14.1,71.8,0.23600000000000002
2001,Chicago Bulls,26.6,17.0,65.0,17,65,-9.05,0.94,-8.11,97.8,107.4,-9.6,94.1,0.282,0.134,0.47,0.429,13.9,33.3,0.19899999999999998,0.504,15.0,69.7,0.22699999999999998
2001,Los Angeles Clippers,23.2,15.0,67.0,16,66,-9.1,0.01,-9.09,97.2,107.3,-10.1,89.3,0.298,0.14800000000000002,0.495,0.45,15.1,26.6,0.22,0.499,14.3,70.3,0.254
2002,Los Angeles Lakers,27.0,61.0,21.0,61,21,7.61,0.0,7.61,109.0,101.1,7.9,95.6,0.308,0.166,0.539,0.49700000000000005,12.4,27.9,0.231,0.467,13.6,71.7,0.185
2002,Portland Trail Blazers,27.9,58.0,24.0,60,22,7.12,0.03,7.15,109.4,101.7,7.7,92.1,0.313,0.21,0.534,0.498,11.8,28.8,0.218,0.45299999999999996,13.0,72.0,0.233
2002,San Antonio Spurs,28.5,58.0,24.0,59,23,6.21,0.07,6.28,106.5,99.7,6.8,90.0,0.353,0.19,0.539,0.49200000000000005,13.8,27.2,0.262,0.45299999999999996,13.7,71.9,0.18899999999999997
2002,Phoenix Suns,27.6,57.0,25.0,53,29,4.26,0.16,4.41,112.2,107.7,4.5,92.8,0.28800000000000003,0.237,0.5529999999999999,0.507,11.3,26.1,0.23199999999999998,0.485,12.9,70.7,0.239
2002,Utah Jazz,26.1,52.0,30.0,53,29,4.16,-0.49,3.67,104.0,99.5,4.5,91.8,0.28,0.175,0.515,0.47600000000000003,13.4,29.2,0.20600000000000002,0.45899999999999996,14.9,71.6,0.213
2002,Indiana Pacers,26.7,50.0,32.0,51,31,3.38,0.2,3.58,109.0,105.3,3.7,90.5,0.255,0.152,0.532,0.49,12.5,31.3,0.203,0.48200000000000004,12.7,73.7,0.218
2002,Sacramento Kings,26.9,45.0,37.0,50,32,3.02,0.22,3.24,108.9,105.6,3.3,89.0,0.25,0.193,0.54,0.505,13.2,29.4,0.18899999999999997,0.485,14.5,68.1,0.20600000000000002
2002,Miami Heat,29.0,49.0,33.0,50,32,2.99,0.22,3.21,107.4,104.0,3.4,89.3,0.285,0.198,0.528,0.485,13.5,31.8,0.218,0.489,14.2,73.3,0.20199999999999999
2002,Minnesota Timberwolves,26.2,49.0,33.0,48,34,2.21,-0.46,1.75,103.4,101.0,2.4,92.5,0.29100000000000004,0.289,0.52,0.47600000000000003,12.8,24.1,0.223,0.46399999999999997,15.1,72.9,0.245
2002,Charlotte Hornets,29.5,50.0,32.0,48,34,2.13,-0.45,1.69,104.8,102.4,2.4,90.0,0.31,0.24,0.54,0.49700000000000005,14.3,24.4,0.235,0.474,14.8,70.5,0.20600000000000002
2002,New York Knicks,29.0,43.0,39.0,46,36,1.6,-0.33,1.27,102.1,100.3,1.8,88.9,0.327,0.111,0.507,0.452,14.6,31.7,0.255,0.46,14.2,72.1,0.20800000000000002
2002,Seattle SuperSonics,28.0,44.0,38.0,46,36,1.57,-0.32,1.25,107.0,105.3,1.7,93.2,0.278,0.24100000000000002,0.5329999999999999,0.493,12.6,26.3,0.21,0.486,14.4,69.2,0.215
2002,Detroit Pistons,29.9,44.0,38.0,44,38,0.89,0.32,1.21,105.6,104.6,1.0,90.3,0.381,0.132,0.529,0.47200000000000003,15.4,33.5,0.29100000000000004,0.484,15.9,71.7,0.28600000000000003
2002,Philadelphia 76ers,28.3,44.0,38.0,44,38,0.96,-0.4,0.57,104.3,103.3,1.0,89.7,0.32,0.151,0.513,0.466,13.3,30.6,0.23800000000000002,0.465,13.3,72.2,0.226
2002,Orlando Magic,26.1,42.0,40.0,42,40,0.27,-0.34,-0.07,104.1,103.8,0.3,91.9,0.32799999999999996,0.182,0.527,0.47700000000000004,14.2,27.0,0.253,0.469,13.2,71.0,0.22699999999999998
2002,Milwaukee Bucks,24.4,39.0,43.0,40,42,-0.46,0.38,-0.09,105.5,106.0,-0.5,90.1,0.304,0.172,0.519,0.47600000000000003,13.8,31.3,0.225,0.47700000000000004,12.1,69.9,0.19399999999999998
2002,Dallas Mavericks,26.5,36.0,46.0,39,43,-0.68,0.39,-0.3,103.3,104.0,-0.7,91.4,0.235,0.158,0.51,0.47200000000000003,13.6,30.1,0.18,0.47600000000000003,14.4,70.2,0.22699999999999998
2002,Toronto Raptors,28.9,41.0,41.0,40,42,-0.22,-0.4,-0.62,106.9,107.1,-0.2,90.2,0.26899999999999996,0.24100000000000002,0.544,0.507,13.6,25.6,0.201,0.47700000000000004,12.0,70.9,0.217
2002,Houston Rockets,29.3,42.0,40.0,40,42,-0.44,-0.27,-0.71,102.6,103.1,-0.5,88.8,0.255,0.165,0.501,0.46299999999999997,13.6,31.4,0.18899999999999997,0.47100000000000003,14.7,70.1,0.237
2002,Boston Celtics,27.5,37.0,45.0,37,45,-1.4,-0.17,-1.58,104.8,106.4,-1.6,88.3,0.28,0.11800000000000001,0.508,0.46399999999999997,12.5,30.7,0.214,0.484,13.0,71.4,0.214
2002,New Jersey Nets,30.1,36.0,46.0,36,46,-1.54,-0.31,-1.84,98.5,100.2,-1.7,87.4,0.268,0.141,0.501,0.46299999999999997,14.6,26.6,0.19399999999999998,0.455,13.6,74.0,0.249
2002,Denver Nuggets,26.0,29.0,53.0,31,51,-3.33,-0.19,-3.52,104.6,108.2,-3.6,90.3,0.301,0.156,0.524,0.47700000000000004,13.8,28.9,0.23199999999999998,0.493,12.3,72.8,0.226
2002,Washington Wizards,30.3,30.0,52.0,29,53,-3.99,-0.16,-4.15,101.5,105.9,-4.4,89.7,0.27399999999999997,0.20600000000000002,0.514,0.46799999999999997,14.0,25.6,0.21600000000000003,0.479,12.9,71.9,0.23600000000000002
2002,Cleveland Cavaliers,25.9,28.0,54.0,27,55,-4.89,0.58,-4.31,103.1,108.6,-5.5,88.2,0.28600000000000003,0.223,0.507,0.465,13.4,29.0,0.21100000000000002,0.491,11.5,69.8,0.17800000000000002
2002,Vancouver Grizzlies,25.7,33.0,49.0,29,53,-4.23,-0.18,-4.41,101.8,106.4,-4.6,91.9,0.294,0.18100000000000002,0.517,0.47100000000000003,14.6,27.5,0.225,0.495,14.1,70.9,0.218
2002,Atlanta Hawks,24.8,21.0,61.0,26,56,-5.4,0.61,-4.8,102.8,108.5,-5.7,94.5,0.335,0.142,0.499,0.452,14.7,35.3,0.242,0.488,12.9,69.4,0.23199999999999998
2002,Golden State Warriors,28.2,27.0,55.0,24,58,-5.82,0.63,-5.19,101.4,107.8,-6.4,90.4,0.256,0.187,0.495,0.455,13.6,30.6,0.19,0.49200000000000005,13.6,69.9,0.245
2002,Chicago Bulls,25.5,23.0,59.0,20,62,-7.44,0.7,-6.74,98.2,106.3,-8.1,91.1,0.28800000000000003,0.168,0.501,0.462,15.4,27.8,0.204,0.486,13.7,68.0,0.19699999999999998
2002,Los Angeles Clippers,25.5,21.0,61.0,18,64,-8.54,0.02,-8.52,98.2,107.6,-9.4,90.5,0.302,0.134,0.499,0.456,14.6,26.6,0.218,0.49700000000000005,13.7,71.4,0.239
2003,Los Angeles Lakers,28.1,60.0,22.0,62,20,7.78,0.12,7.9,110.7,102.3,8.4,92.5,0.257,0.239,0.5429999999999999,0.498,10.9,25.4,0.213,0.473,14.8,70.9,0.221
2003,Portland Trail Blazers,28.3,59.0,23.0,59,23,6.5,0.18,6.68,105.9,99.1,6.8,95.4,0.262,0.184,0.535,0.499,13.3,25.6,0.196,0.446,13.6,70.6,0.204
2003,San Antonio Spurs,28.4,60.0,22.0,57,25,5.41,0.23,5.65,105.6,99.7,5.9,90.0,0.348,0.20199999999999999,0.541,0.49700000000000005,15.1,28.8,0.253,0.45299999999999996,14.2,71.3,0.19899999999999998
2003,Phoenix Suns,27.3,49.0,33.0,56,26,5.22,-0.8,4.42,103.8,98.1,5.7,91.6,0.33299999999999996,0.158,0.518,0.46799999999999997,13.8,28.7,0.252,0.46,15.7,73.1,0.225
2003,Utah Jazz,29.0,50.0,32.0,52,30,3.68,-0.71,2.97,104.1,99.9,4.2,86.8,0.322,0.237,0.523,0.473,13.3,25.9,0.248,0.461,13.9,74.0,0.225
2003,Indiana Pacers,29.2,50.0,32.0,49,33,2.61,0.36,2.97,105.5,102.6,2.9,89.4,0.3,0.177,0.531,0.489,14.5,30.2,0.223,0.483,14.9,72.3,0.19399999999999998
2003,Sacramento Kings,25.9,48.0,34.0,51,31,3.49,-0.7,2.79,104.6,100.8,3.8,91.6,0.344,0.16899999999999998,0.522,0.469,13.7,29.0,0.263,0.45799999999999996,14.3,72.3,0.228
2003,Miami Heat,30.9,47.0,35.0,48,34,2.39,0.37,2.76,105.5,102.8,2.7,89.3,0.38,0.10400000000000001,0.537,0.486,16.0,32.5,0.28300000000000003,0.46799999999999997,15.2,70.2,0.256
2003,Minnesota Timberwolves,28.1,50.0,32.0,48,34,2.33,0.38,2.71,107.2,104.7,2.5,92.5,0.311,0.19899999999999998,0.528,0.486,13.3,30.2,0.228,0.47700000000000004,13.4,72.7,0.24100000000000002
2003,Charlotte Hornets,28.2,51.0,31.0,47,35,2.07,0.39,2.46,106.1,103.8,2.3,91.9,0.268,0.11800000000000001,0.528,0.488,12.9,28.2,0.20600000000000002,0.47200000000000003,12.7,72.9,0.203
2003,New York Knicks,25.9,43.0,39.0,46,36,1.48,0.42,1.89,104.3,102.6,1.7,88.8,0.316,0.196,0.522,0.474,14.8,30.3,0.243,0.462,12.6,72.4,0.209
2003,Seattle SuperSonics,28.3,48.0,34.0,48,34,2.3,-0.55,1.76,105.0,102.5,2.5,91.4,0.33899999999999997,0.11900000000000001,0.52,0.466,13.7,30.3,0.263,0.488,16.2,72.7,0.243
2003,Detroit Pistons,25.2,44.0,38.0,44,38,1.13,0.43,1.57,103.7,102.5,1.2,91.5,0.285,0.17,0.514,0.473,13.7,29.7,0.21100000000000002,0.47,14.8,70.3,0.222
2003,Philadelphia 76ers,29.1,47.0,35.0,47,35,2.11,-0.59,1.52,103.9,101.6,2.3,89.4,0.285,0.161,0.511,0.465,13.9,31.7,0.21899999999999997,0.46399999999999997,14.0,73.1,0.226
2003,Orlando Magic,26.9,40.0,42.0,41,41,-0.12,0.49,0.37,103.7,103.9,-0.2,88.0,0.27,0.196,0.512,0.47200000000000003,12.8,28.1,0.201,0.484,14.3,71.8,0.21
2003,Milwaukee Bucks,29.3,42.0,40.0,42,40,0.23,-0.48,-0.24,108.8,108.6,0.2,90.4,0.287,0.22899999999999998,0.5429999999999999,0.5,12.2,25.6,0.222,0.494,13.5,69.9,0.237
2003,Dallas Mavericks,26.9,42.0,40.0,41,41,0.13,-0.53,-0.39,105.2,105.0,0.2,93.1,0.307,0.235,0.526,0.478,13.3,27.0,0.239,0.486,15.1,71.1,0.25
2003,Toronto Raptors,24.4,38.0,44.0,38,44,-1.13,0.54,-0.6,108.3,109.5,-1.2,94.2,0.34299999999999997,0.17800000000000002,0.526,0.47200000000000003,13.9,35.0,0.267,0.48200000000000004,12.2,67.9,0.22
2003,Houston Rockets,26.9,44.0,38.0,40,42,-0.39,-0.36,-0.75,101.2,101.6,-0.4,90.9,0.306,0.331,0.514,0.47,13.4,23.6,0.22699999999999998,0.47100000000000003,15.1,72.5,0.242
2003,Boston Celtics,28.4,37.0,45.0,38,44,-1.01,-0.46,-1.47,103.0,104.1,-1.1,88.2,0.325,0.127,0.513,0.46,13.0,27.3,0.253,0.47700000000000004,13.8,71.6,0.212
2003,New Jersey Nets,30.2,37.0,45.0,37,45,-1.35,-0.26,-1.61,104.7,106.2,-1.5,90.7,0.24100000000000002,0.235,0.528,0.486,13.4,24.4,0.196,0.485,13.7,71.8,0.261
2003,Denver Nuggets,24.9,28.0,54.0,32,50,-3.23,0.63,-2.6,103.9,107.3,-3.4,92.7,0.287,0.19,0.526,0.48700000000000004,14.2,27.0,0.212,0.491,13.4,68.7,0.19699999999999998
2003,Washington Wizards,25.3,27.0,55.0,29,53,-4.12,0.68,-3.45,102.3,106.8,-4.5,91.3,0.335,0.182,0.516,0.467,14.8,29.1,0.252,0.48100000000000004,13.1,70.2,0.222
2003,Cleveland Cavaliers,27.2,35.0,47.0,31,51,-3.56,-0.31,-3.87,102.3,106.1,-3.8,91.0,0.313,0.177,0.527,0.47600000000000003,15.7,27.9,0.248,0.469,12.1,70.4,0.222
2003,Vancouver Grizzlies,26.5,25.0,57.0,25,57,-5.05,-0.08,-5.13,96.7,102.4,-5.7,87.8,0.259,0.16899999999999998,0.483,0.439,13.8,26.8,0.198,0.47,14.1,73.9,0.257
2003,Atlanta Hawks,25.2,30.0,52.0,27,55,-5.13,-0.17,-5.31,100.2,105.6,-5.4,93.5,0.3,0.14800000000000002,0.512,0.47100000000000003,15.4,27.7,0.217,0.47,13.3,69.5,0.263
2003,Golden State Warriors,27.6,24.0,58.0,24,58,-5.87,-0.23,-6.1,100.5,107.0,-6.5,89.9,0.282,0.179,0.49700000000000005,0.45799999999999996,13.6,28.2,0.203,0.489,13.1,70.7,0.226
2003,Chicago Bulls,24.1,17.0,65.0,17,65,-8.28,0.87,-7.41,92.2,101.3,-9.1,91.0,0.28300000000000003,0.126,0.469,0.428,17.1,31.3,0.198,0.47700000000000004,16.5,73.3,0.29
2003,Los Angeles Clippers,23.5,17.0,65.0,16,66,-9.62,0.04,-9.59,96.5,106.7,-10.2,94.0,0.298,0.133,0.491,0.444,16.4,31.0,0.223,0.484,13.0,73.2,0.252
2004,Los Angeles Lakers,27.3,57.0,25.0,62,20,7.22,0.29,7.51,102.2,94.1,8.1,89.2,0.322,0.177,0.511,0.473,14.1,29.5,0.21899999999999997,0.433,14.8,74.6,0.215
2004,Portland Trail Blazers,29.7,58.0,24.0,57,25,5.49,0.37,5.86,105.9,99.7,6.2,89.0,0.265,0.13699999999999998,0.528,0.486,12.4,26.7,0.207,0.444,12.9,72.5,0.215
2004,San Antonio Spurs,29.3,55.0,27.0,55,27,5.01,0.4,5.41,110.3,104.9,5.4,92.8,0.305,0.223,0.5539999999999999,0.507,13.0,26.0,0.242,0.483,13.7,69.8,0.193
2004,Phoenix Suns,27.4,54.0,28.0,59,23,5.84,-0.81,5.04,102.0,95.4,6.6,87.9,0.32799999999999996,0.153,0.511,0.461,14.7,30.1,0.247,0.441,15.5,71.8,0.20199999999999999
2004,Utah Jazz,27.1,61.0,21.0,58,24,5.76,-0.82,4.93,103.8,97.2,6.6,87.5,0.319,0.203,0.52,0.47100000000000003,14.1,28.5,0.243,0.45899999999999996,15.7,73.9,0.218
2004,Indiana Pacers,27.4,52.0,30.0,53,29,4.44,0.42,4.86,112.1,107.4,4.7,93.2,0.256,0.201,0.536,0.495,11.1,31.4,0.204,0.498,13.9,71.6,0.214
2004,Sacramento Kings,29.8,56.0,26.0,52,30,3.9,0.45,4.35,105.5,101.3,4.2,92.3,0.35200000000000004,0.16699999999999998,0.522,0.48100000000000004,12.8,28.1,0.244,0.47100000000000003,14.3,73.3,0.222
2004,Miami Heat,26.0,50.0,32.0,48,34,2.44,0.52,2.95,104.8,102.2,2.6,91.4,0.322,0.19699999999999998,0.522,0.479,13.9,29.5,0.23399999999999999,0.465,15.7,68.4,0.251
2004,Minnesota Timberwolves,28.3,45.0,37.0,47,35,1.73,0.55,2.28,100.9,99.0,1.9,87.8,0.28600000000000003,0.22699999999999998,0.528,0.484,16.4,26.5,0.221,0.447,13.1,74.5,0.233
2004,Charlotte Hornets,27.7,47.0,35.0,49,33,2.5,-0.63,1.88,100.8,98.0,2.8,89.4,0.29100000000000004,0.17600000000000002,0.515,0.47100000000000003,14.4,25.9,0.21899999999999997,0.46,15.7,73.9,0.221
2004,New York Knicks,25.6,43.0,39.0,44,38,1.07,0.58,1.65,103.9,102.7,1.2,93.3,0.319,0.146,0.517,0.467,14.2,30.5,0.245,0.48100000000000004,15.6,69.3,0.221
2004,Seattle SuperSonics,26.5,41.0,41.0,44,38,1.06,-0.64,0.42,106.5,105.4,1.1,91.6,0.33,0.172,0.528,0.47700000000000004,12.7,27.6,0.255,0.485,13.3,71.8,0.213
2004,Detroit Pistons,26.0,37.0,45.0,39,43,-0.63,0.66,0.02,107.3,108.0,-0.7,89.9,0.27,0.294,0.54,0.501,13.9,27.2,0.207,0.48700000000000004,13.9,68.5,0.237
2004,Philadelphia 76ers,28.1,37.0,45.0,39,43,-0.73,0.66,-0.07,103.0,103.8,-0.8,89.8,0.311,0.19699999999999998,0.517,0.475,14.1,28.4,0.226,0.47600000000000003,13.3,72.1,0.21100000000000002
2004,Orlando Magic,26.4,42.0,40.0,43,39,0.52,-0.65,-0.13,102.2,101.7,0.5,88.0,0.298,0.21100000000000002,0.51,0.46299999999999997,13.5,27.4,0.22699999999999998,0.46299999999999997,14.5,73.4,0.26
2004,Milwaukee Bucks,24.9,42.0,40.0,37,45,-1.22,0.69,-0.53,101.9,103.3,-1.4,86.6,0.35600000000000004,0.127,0.509,0.456,16.1,34.1,0.266,0.46799999999999997,15.4,72.4,0.319
2004,Dallas Mavericks,27.6,41.0,41.0,37,45,-1.27,0.69,-0.58,103.7,105.1,-1.4,86.2,0.267,0.17,0.515,0.478,14.4,31.2,0.195,0.48200000000000004,13.3,70.0,0.18600000000000003
2004,Toronto Raptors,30.3,41.0,41.0,41,41,-0.1,-0.62,-0.72,102.3,102.4,-0.1,89.1,0.293,0.252,0.505,0.46,14.1,30.6,0.22,0.47600000000000003,15.0,71.3,0.218
2004,Houston Rockets,29.6,39.0,43.0,36,46,-1.48,-0.49,-1.97,101.7,103.3,-1.6,89.5,0.266,0.171,0.518,0.474,15.1,28.0,0.21100000000000002,0.461,13.2,72.8,0.259
2004,Boston Celtics,26.4,36.0,46.0,37,45,-1.45,-0.54,-1.99,102.1,103.7,-1.6,93.2,0.327,0.249,0.532,0.486,15.4,25.2,0.245,0.479,15.7,69.5,0.24
2004,New Jersey Nets,24.4,29.0,53.0,30,52,-3.74,0.8,-2.94,101.4,105.5,-4.1,92.6,0.28,0.18,0.515,0.475,14.3,26.6,0.209,0.48200000000000004,14.7,69.9,0.24
2004,Denver Nuggets,27.5,33.0,49.0,33,49,-2.49,-0.46,-2.95,99.1,101.9,-2.8,88.0,0.321,0.158,0.505,0.456,15.5,28.2,0.242,0.467,14.7,70.7,0.231
2004,Washington Wizards,24.9,35.0,47.0,33,49,-2.62,-0.44,-3.07,101.4,104.2,-2.8,90.8,0.301,0.11599999999999999,0.498,0.451,13.7,31.1,0.226,0.469,12.3,73.0,0.221
2004,Cleveland Cavaliers,27.6,33.0,49.0,31,51,-3.01,-0.4,-3.42,97.0,100.4,-3.4,86.8,0.26,0.204,0.495,0.45399999999999996,14.1,23.8,0.195,0.449,14.1,70.1,0.24100000000000002
2004,Vancouver Grizzlies,24.3,28.0,54.0,28,54,-4.59,0.84,-3.74,103.5,108.5,-5.0,91.0,0.35,0.156,0.512,0.45299999999999996,15.0,32.8,0.275,0.494,12.9,70.0,0.231
2004,Atlanta Hawks,26.2,28.0,54.0,28,54,-4.65,-0.36,-5.0,101.0,106.1,-5.1,90.8,0.303,0.191,0.514,0.465,15.4,28.6,0.235,0.47600000000000003,13.1,70.5,0.23399999999999999
2004,Golden State Warriors,24.4,25.0,57.0,25,57,-5.63,-0.48,-6.12,98.8,104.8,-6.0,92.2,0.337,0.19399999999999998,0.5,0.45399999999999996,16.0,30.7,0.24100000000000002,0.486,14.9,69.5,0.214
2004,Chicago Bulls,26.8,23.0,59.0,23,59,-6.35,-0.33,-6.69,96.6,103.4,-6.8,92.2,0.272,0.18600000000000003,0.486,0.446,14.9,28.1,0.19699999999999998,0.469,14.1,71.4,0.253
2004,Los Angeles Clippers,25.8,21.0,61.0,22,60,-7.02,-0.23,-7.25,102.7,110.4,-7.7,90.8,0.29600000000000004,0.184,0.504,0.461,12.8,28.1,0.218,0.502,12.7,68.7,0.214
2005,Los Angeles Lakers,28.5,59.0,23.0,63,19,7.8,0.03,7.84,107.5,98.8,8.7,88.9,0.32899999999999996,0.21600000000000003,0.534,0.49200000000000005,13.2,29.1,0.23800000000000002,0.452,14.7,73.6,0.23600000000000002
2005,Portland Trail Blazers,25.2,62.0,20.0,59,23,7.12,-0.04,7.08,114.5,107.1,7.4,95.9,0.29600000000000004,0.289,0.5710000000000001,0.534,12.4,27.5,0.222,0.478,12.0,68.3,0.17600000000000002
2005,San Antonio Spurs,27.7,58.0,24.0,57,25,5.74,0.11,5.86,110.3,104.1,6.2,92.7,0.34600000000000003,0.19,0.545,0.49200000000000005,12.5,28.6,0.273,0.47200000000000003,14.3,70.2,0.239
2005,Phoenix Suns,28.0,59.0,23.0,59,23,6.52,-0.76,5.77,110.2,103.1,7.1,90.8,0.387,0.198,0.5589999999999999,0.524,13.1,27.0,0.26,0.46,12.4,74.1,0.242
2005,Utah Jazz,29.7,51.0,31.0,53,29,4.04,0.23,4.27,106.2,101.7,4.5,88.8,0.309,0.237,0.534,0.486,13.5,26.3,0.242,0.45899999999999996,12.9,74.5,0.245
2005,Indiana Pacers,27.9,54.0,28.0,53,29,3.87,-0.55,3.31,105.6,101.2,4.4,87.2,0.335,0.16399999999999998,0.519,0.47200000000000003,13.3,31.2,0.247,0.461,13.5,73.0,0.207
2005,Sacramento Kings,26.3,45.0,37.0,48,34,2.29,0.34,2.64,105.5,102.9,2.6,88.5,0.32299999999999995,0.237,0.535,0.489,14.3,27.1,0.243,0.466,15.4,69.9,0.27
2005,Miami Heat,26.0,52.0,30.0,48,34,2.29,0.3,2.59,112.2,109.6,2.6,87.9,0.32799999999999996,0.281,0.546,0.495,13.0,32.4,0.259,0.496,12.9,71.3,0.249
2005,Minnesota Timberwolves,27.7,50.0,32.0,47,35,2.16,0.4,2.56,110.5,108.2,2.3,93.0,0.287,0.2,0.541,0.496,12.0,28.8,0.226,0.493,13.3,69.0,0.214
2005,Charlotte Hornets,26.7,49.0,33.0,47,35,2.02,0.2,2.23,106.0,103.9,2.1,93.5,0.35,0.142,0.535,0.483,13.8,28.4,0.267,0.48200000000000004,15.1,71.7,0.247
2005,New York Knicks,29.0,44.0,38.0,45,37,1.45,0.28,1.73,108.2,106.6,1.6,89.1,0.275,0.17300000000000001,0.534,0.489,12.7,28.6,0.21899999999999997,0.47200000000000003,11.2,71.4,0.20800000000000002
2005,Seattle SuperSonics,25.0,47.0,35.0,44,38,1.06,-0.41,0.65,101.4,100.3,1.1,92.4,0.311,0.217,0.517,0.47100000000000003,15.5,28.4,0.233,0.45399999999999996,14.4,72.6,0.262
2005,Detroit Pistons,28.3,44.0,38.0,43,39,0.76,-0.27,0.49,105.5,104.6,0.9,87.2,0.358,0.255,0.534,0.47600000000000003,14.1,26.4,0.28300000000000003,0.47200000000000003,13.6,71.3,0.261
2005,Philadelphia 76ers,27.1,45.0,37.0,43,39,0.87,-0.52,0.35,107.5,106.6,0.9,93.3,0.35700000000000004,0.192,0.551,0.501,14.7,27.2,0.273,0.48100000000000004,14.2,70.1,0.27399999999999997
2005,Orlando Magic,26.5,42.0,40.0,43,39,0.79,-0.52,0.27,106.6,105.7,0.9,89.7,0.325,0.135,0.518,0.47,13.0,32.5,0.244,0.485,14.1,71.5,0.248
2005,Milwaukee Bucks,25.5,37.0,45.0,39,43,-0.77,0.3,-0.47,105.5,106.4,-0.9,89.1,0.35700000000000004,0.105,0.5329999999999999,0.47700000000000004,14.9,30.3,0.278,0.48,13.0,71.3,0.235
2005,Dallas Mavericks,25.3,45.0,37.0,40,42,-0.33,-0.38,-0.71,107.2,107.5,-0.3,93.3,0.364,0.22,0.523,0.474,12.9,31.1,0.264,0.498,14.6,70.0,0.23
2005,Toronto Raptors,26.4,43.0,39.0,39,43,-0.74,-0.33,-1.07,103.5,104.3,-0.8,94.9,0.326,0.21600000000000003,0.528,0.475,14.2,25.4,0.257,0.485,15.4,72.7,0.267
2005,Houston Rockets,26.7,34.0,48.0,35,47,-2.16,0.42,-1.74,104.7,106.9,-2.2,93.3,0.278,0.252,0.512,0.475,12.3,27.8,0.201,0.491,13.9,69.7,0.22699999999999998
2005,Boston Celtics,27.0,33.0,49.0,36,46,-1.62,-0.19,-1.81,106.9,108.7,-1.8,92.7,0.316,0.253,0.539,0.49200000000000005,12.5,23.7,0.244,0.499,13.4,71.1,0.24
2005,New Jersey Nets,27.8,42.0,40.0,36,46,-1.5,-0.32,-1.82,101.4,103.1,-1.7,89.1,0.318,0.187,0.512,0.46299999999999997,13.7,25.5,0.242,0.479,15.2,73.2,0.278
2005,Denver Nuggets,26.0,34.0,48.0,33,49,-2.96,0.64,-2.32,108.1,111.4,-3.3,90.8,0.322,0.273,0.535,0.485,13.4,29.5,0.251,0.493,11.0,71.1,0.218
2005,Washington Wizards,26.5,36.0,46.0,35,47,-2.24,-0.27,-2.52,104.9,107.3,-2.4,94.7,0.35,0.13699999999999998,0.529,0.478,14.6,29.9,0.265,0.484,13.2,71.3,0.255
2005,Cleveland Cavaliers,27.3,33.0,49.0,34,48,-2.44,-0.28,-2.72,106.2,108.9,-2.7,90.7,0.312,0.188,0.531,0.485,13.8,28.3,0.239,0.501,13.8,71.2,0.265
2005,Vancouver Grizzlies,26.9,30.0,52.0,32,50,-2.99,-0.1,-3.09,106.6,109.8,-3.2,90.8,0.33899999999999997,0.141,0.527,0.475,13.0,29.0,0.261,0.499,12.4,72.0,0.233
2005,Atlanta Hawks,27.0,27.0,55.0,29,53,-4.0,0.55,-3.45,103.2,107.7,-4.5,89.8,0.303,0.18100000000000002,0.524,0.484,15.2,29.6,0.21899999999999997,0.479,12.6,67.7,0.204
2005,Golden State Warriors,25.7,26.0,56.0,29,53,-4.27,0.53,-3.74,104.7,109.5,-4.8,88.4,0.361,0.121,0.522,0.469,15.0,31.9,0.273,0.499,14.2,72.3,0.34
2005,Chicago Bulls,24.9,18.0,64.0,24,58,-5.99,-0.16,-6.15,101.1,107.5,-6.4,92.3,0.306,0.128,0.49700000000000005,0.455,13.3,29.5,0.217,0.49700000000000005,14.7,70.9,0.26899999999999996
2005,Los Angeles Clippers,27.5,18.0,64.0,21,61,-7.07,0.78,-6.3,99.7,107.7,-8.0,87.6,0.27899999999999997,0.201,0.493,0.446,14.2,29.1,0.214,0.491,13.9,70.7,0.261
2005,San Antonio Spurs,26.0,13.0,69.0,16,66,-9.71,0.09,-9.62,100.6,111.1,-10.5,91.4,0.299,0.146,0.504,0.46399999999999997,14.9,30.7,0.212,0.513,14.0,72.1,0.289
2006,Los Angeles Lakers,29.8,63.0,19.0,61,21,6.82,-0.13,6.69,107.3,99.6,7.7,88.5,0.298,0.215,0.546,0.513,13.6,26.0,0.209,0.457,13.5,74.2,0.22
2006,Portland Trail Blazers,28.5,64.0,18.0,60,22,6.67,-0.44,6.24,110.8,103.1,7.7,86.8,0.297,0.221,0.535,0.49700000000000005,11.2,28.9,0.21600000000000003,0.47700000000000004,13.7,71.2,0.191
2006,San Antonio Spurs,27.5,60.0,22.0,58,24,6.07,-0.11,5.96,111.8,105.0,6.8,87.8,0.364,0.175,0.55,0.495,13.1,31.8,0.285,0.475,13.7,72.2,0.257
2006,Phoenix Suns,27.5,54.0,28.0,55,27,5.55,-0.07,5.48,111.5,105.8,5.7,95.8,0.20600000000000002,0.293,0.568,0.537,12.2,22.1,0.166,0.49,13.2,72.1,0.2
2006,Utah Jazz,28.1,49.0,33.0,52,30,3.7,0.05,3.74,105.9,101.6,4.3,86.3,0.33899999999999997,0.258,0.537,0.496,13.9,25.8,0.24100000000000002,0.469,14.7,72.0,0.237
2006,Indiana Pacers,29.2,52.0,30.0,52,30,3.87,-0.27,3.59,108.7,104.5,4.2,91.6,0.363,0.22699999999999998,0.556,0.517,13.9,26.7,0.254,0.47700000000000004,12.4,76.4,0.251
2006,Sacramento Kings,25.1,45.0,37.0,48,34,2.5,0.03,2.53,108.4,105.7,2.7,90.9,0.32899999999999996,0.24,0.539,0.495,13.1,28.8,0.245,0.486,13.4,73.6,0.242
2006,Miami Heat,27.1,50.0,32.0,48,34,2.23,-0.06,2.17,107.8,105.4,2.4,89.8,0.36200000000000004,0.228,0.5379999999999999,0.49200000000000005,13.3,28.4,0.263,0.49,12.8,75.7,0.226
2006,Minnesota Timberwolves,26.8,47.0,35.0,46,36,1.57,0.18,1.75,105.3,103.6,1.7,91.7,0.332,0.131,0.54,0.48700000000000004,13.8,25.4,0.263,0.47100000000000003,12.2,75.9,0.24
2006,Charlotte Hornets,27.3,41.0,41.0,47,35,1.89,-0.27,1.62,104.5,102.4,2.1,89.7,0.344,0.245,0.5329999999999999,0.48700000000000004,14.8,27.1,0.254,0.46399999999999997,13.0,72.6,0.23199999999999998
2006,New York Knicks,27.2,44.0,38.0,45,37,1.54,0.07,1.61,106.7,105.0,1.7,91.9,0.33399999999999996,0.217,0.544,0.49200000000000005,13.9,25.4,0.262,0.488,13.7,72.2,0.21
2006,Seattle SuperSonics,26.5,42.0,40.0,46,36,1.85,-0.29,1.57,109.3,107.3,2.0,92.3,0.375,0.209,0.5379999999999999,0.484,12.8,29.5,0.284,0.504,15.1,70.9,0.256
2006,Detroit Pistons,28.6,49.0,33.0,45,37,1.37,-0.26,1.11,103.9,102.4,1.5,89.8,0.34600000000000003,0.22899999999999998,0.528,0.478,13.3,24.0,0.262,0.47600000000000003,14.0,76.3,0.266
2006,Philadelphia 76ers,24.1,41.0,41.0,43,39,0.63,-0.12,0.51,104.0,103.4,0.6,92.9,0.292,0.21899999999999997,0.527,0.48700000000000004,13.9,26.3,0.21600000000000003,0.46399999999999997,13.9,74.7,0.295
2006,Orlando Magic,27.4,44.0,38.0,42,40,0.23,0.13,0.36,105.5,105.2,0.3,93.9,0.34700000000000003,0.161,0.535,0.488,13.7,26.8,0.258,0.493,14.7,72.0,0.22699999999999998
2006,Milwaukee Bucks,25.5,40.0,42.0,38,44,-1.04,-0.04,-1.07,106.3,107.4,-1.1,91.2,0.322,0.203,0.535,0.49200000000000005,13.8,27.3,0.23800000000000002,0.504,13.8,74.6,0.262
2006,Dallas Mavericks,25.6,34.0,48.0,37,45,-1.35,0.25,-1.11,104.8,106.2,-1.4,93.3,0.32299999999999995,0.27,0.521,0.479,13.0,26.9,0.23199999999999998,0.49200000000000005,14.1,71.6,0.243
2006,Toronto Raptors,25.5,36.0,46.0,38,44,-1.07,-0.18,-1.26,106.3,107.5,-1.2,88.3,0.369,0.129,0.5429999999999999,0.496,14.7,28.5,0.27,0.49,13.0,72.5,0.264
2006,Houston Rockets,28.8,34.0,48.0,36,46,-1.59,0.28,-1.3,101.6,103.3,-1.7,88.0,0.317,0.226,0.519,0.47100000000000003,14.3,25.5,0.24,0.47200000000000003,13.1,74.6,0.247
2006,Boston Celtics,25.3,33.0,49.0,37,45,-1.54,-0.05,-1.59,105.2,106.9,-1.7,92.2,0.349,0.204,0.551,0.504,15.7,25.5,0.263,0.49,13.8,72.8,0.282
2006,New Jersey Nets,26.7,33.0,49.0,35,47,-1.88,0.13,-1.75,102.4,104.5,-2.1,88.8,0.299,0.149,0.524,0.48,14.2,25.2,0.226,0.475,13.4,71.3,0.23600000000000002
2006,Denver Nuggets,26.5,38.0,44.0,35,47,-1.95,-0.15,-2.1,106.0,108.1,-2.1,92.7,0.35600000000000004,0.158,0.5379999999999999,0.48700000000000004,13.3,25.6,0.27,0.5,14.3,71.3,0.24
2006,Washington Wizards,25.6,41.0,41.0,33,49,-2.63,0.14,-2.49,104.1,107.0,-2.9,87.8,0.397,0.149,0.519,0.467,15.0,32.4,0.28600000000000003,0.49,14.0,73.2,0.303
2006,Cleveland Cavaliers,26.3,38.0,44.0,33,49,-2.82,0.31,-2.51,103.7,106.8,-3.1,89.0,0.33899999999999997,0.138,0.515,0.46399999999999997,12.9,26.9,0.257,0.502,14.3,73.4,0.243
2006,Vancouver Grizzlies,25.6,35.0,47.0,33,49,-3.02,0.15,-2.88,111.1,114.4,-3.3,91.6,0.314,0.243,0.551,0.504,13.7,30.4,0.24600000000000002,0.527,13.6,69.0,0.26
2006,Atlanta Hawks,25.9,27.0,55.0,33,49,-2.99,-0.04,-3.03,109.5,112.7,-3.2,91.1,0.315,0.244,0.5479999999999999,0.5,12.4,25.4,0.249,0.53,13.5,73.3,0.263
2006,Golden State Warriors,25.2,26.0,56.0,30,52,-4.0,0.1,-3.9,102.5,106.7,-4.2,93.4,0.319,0.184,0.509,0.46399999999999997,13.0,27.1,0.233,0.514,16.5,70.7,0.263
2006,Chicago Bulls,22.7,26.0,56.0,28,54,-4.76,0.07,-4.69,106.4,111.6,-5.2,90.4,0.34,0.17800000000000002,0.534,0.486,14.7,31.4,0.255,0.513,14.1,69.5,0.275
2006,Los Angeles Clippers,25.6,23.0,59.0,24,58,-6.4,0.11,-6.3,104.0,111.0,-7.0,90.8,0.41700000000000004,0.142,0.534,0.48100000000000004,16.5,31.2,0.303,0.511,13.4,72.8,0.294
2006,San Antonio Spurs,24.6,21.0,61.0,16,66,-9.45,0.54,-8.91,101.1,111.9,-10.8,87.6,0.31,0.166,0.511,0.474,14.5,26.6,0.214,0.507,12.6,68.2,0.231
2007,Los Angeles Lakers,30.4,58.0,24.0,64,18,8.43,-0.08,8.35,109.2,99.9,9.3,89.8,0.313,0.247,0.561,0.521,13.6,24.2,0.235,0.47100000000000003,14.0,75.7,0.201
2007,Portland Trail Blazers,28.1,67.0,15.0,61,21,7.22,0.06,7.28,111.3,103.2,8.1,89.5,0.317,0.218,0.5589999999999999,0.509,13.4,28.7,0.256,0.47700000000000004,14.2,75.0,0.265
2007,San Antonio Spurs,27.6,61.0,21.0,59,23,7.3,-0.03,7.28,113.9,106.4,7.5,95.6,0.267,0.287,0.59,0.551,13.4,22.7,0.215,0.49200000000000005,13.6,71.9,0.20600000000000002
2007,Phoenix Suns,28.2,52.0,30.0,55,27,4.85,0.19,5.04,106.0,100.7,5.3,90.7,0.292,0.29,0.54,0.499,13.6,25.7,0.22,0.466,13.6,77.0,0.23
2007,Utah Jazz,26.0,49.0,33.0,55,27,5.01,-0.49,4.52,104.9,99.6,5.3,93.6,0.313,0.18600000000000003,0.534,0.493,14.7,28.6,0.22899999999999998,0.473,16.2,74.3,0.252
2007,Indiana Pacers,29.0,53.0,29.0,53,29,4.16,-0.47,3.69,108.9,104.2,4.7,87.3,0.307,0.201,0.535,0.488,12.0,28.3,0.237,0.47700000000000004,14.3,70.9,0.23399999999999999
2007,Sacramento Kings,26.9,50.0,32.0,52,30,3.83,-0.5,3.33,105.5,101.3,4.2,90.8,0.32,0.21100000000000002,0.522,0.484,13.4,29.7,0.223,0.48,14.7,75.8,0.243
2007,Miami Heat,25.9,51.0,31.0,49,33,2.87,0.2,3.06,110.1,107.0,3.1,91.6,0.38,0.163,0.551,0.502,14.5,31.7,0.28300000000000003,0.496,14.4,75.1,0.314
2007,Minnesota Timberwolves,26.5,45.0,37.0,45,37,1.62,0.07,1.69,107.6,105.9,1.7,97.4,0.36,0.212,0.5479999999999999,0.501,14.6,28.9,0.268,0.499,14.5,71.8,0.203
2007,Charlotte Hornets,26.0,47.0,35.0,44,38,0.99,-0.38,0.61,107.0,106.0,1.0,92.6,0.303,0.22399999999999998,0.55,0.504,13.0,22.2,0.239,0.503,14.3,74.5,0.21899999999999997
2007,New York Knicks,25.6,40.0,42.0,43,39,0.78,-0.43,0.35,104.9,104.1,0.8,89.9,0.39299999999999996,0.158,0.544,0.5,16.3,29.3,0.276,0.48,14.6,73.7,0.28600000000000003
2007,Seattle SuperSonics,25.3,42.0,40.0,41,41,-0.07,0.32,0.24,108.6,108.6,0.0,93.5,0.33299999999999996,0.259,0.5539999999999999,0.511,14.3,26.1,0.249,0.5,13.5,72.3,0.262
2007,Detroit Pistons,24.6,42.0,40.0,40,42,-0.34,0.34,0.0,107.0,107.4,-0.4,99.2,0.3,0.27899999999999997,0.5479999999999999,0.512,14.1,25.6,0.215,0.506,16.1,69.6,0.264
2007,Philadelphia 76ers,27.5,40.0,42.0,40,42,-0.46,0.39,-0.07,105.1,105.6,-0.5,90.8,0.355,0.14300000000000002,0.537,0.48100000000000004,14.5,27.2,0.28,0.488,13.3,74.7,0.249
2007,Orlando Magic,26.8,41.0,41.0,40,42,-0.51,-0.28,-0.8,110.1,110.6,-0.5,94.1,0.35600000000000004,0.237,0.542,0.491,12.6,28.1,0.272,0.517,14.4,71.0,0.249
2007,Milwaukee Bucks,28.2,41.0,41.0,39,43,-0.77,-0.23,-1.0,105.7,106.6,-0.9,91.4,0.33799999999999997,0.263,0.546,0.504,14.2,24.6,0.245,0.49,13.7,74.4,0.266
2007,Dallas Mavericks,26.4,39.0,43.0,36,46,-1.57,0.38,-1.19,104.8,106.5,-1.7,90.2,0.29100000000000004,0.188,0.52,0.479,13.6,29.1,0.215,0.499,13.2,74.7,0.212
2007,Toronto Raptors,29.3,44.0,38.0,38,44,-0.91,-0.29,-1.21,104.3,105.3,-1.0,89.9,0.321,0.245,0.541,0.506,14.3,24.9,0.222,0.485,13.8,73.3,0.23199999999999998
2007,Houston Rockets,27.3,33.0,49.0,36,46,-1.8,0.46,-1.35,106.2,108.0,-1.8,94.8,0.379,0.23199999999999998,0.545,0.491,13.5,23.1,0.289,0.513,14.9,72.5,0.24
2007,Boston Celtics,25.9,31.0,51.0,33,49,-2.89,0.45,-2.45,107.2,110.3,-3.1,91.8,0.28800000000000003,0.21899999999999997,0.544,0.499,14.5,27.8,0.228,0.515,14.1,70.9,0.243
2007,New Jersey Nets,27.2,35.0,47.0,34,48,-2.44,-0.18,-2.62,102.9,105.5,-2.6,92.4,0.324,0.212,0.523,0.474,15.1,28.4,0.24600000000000002,0.491,14.8,72.7,0.271
2007,Denver Nuggets,25.4,33.0,49.0,33,49,-2.85,-0.21,-3.06,105.7,108.8,-3.1,90.8,0.377,0.21600000000000003,0.539,0.494,15.9,31.0,0.27,0.504,13.0,74.0,0.24600000000000002
2007,Washington Wizards,27.7,32.0,50.0,30,52,-3.67,0.51,-3.16,103.9,107.9,-4.0,91.0,0.29100000000000004,0.16699999999999998,0.537,0.49,14.8,25.1,0.231,0.498,13.3,72.1,0.226
2007,Cleveland Cavaliers,26.2,35.0,47.0,32,50,-3.02,-0.23,-3.26,103.6,106.9,-3.3,90.7,0.33299999999999996,0.128,0.53,0.48,14.6,27.2,0.255,0.501,14.7,70.8,0.221
2007,Vancouver Grizzlies,23.5,24.0,58.0,31,51,-3.41,-0.29,-3.7,103.2,106.9,-3.7,92.0,0.337,0.19899999999999998,0.53,0.479,15.4,27.0,0.259,0.502,14.5,73.8,0.28
2007,Atlanta Hawks,24.4,32.0,50.0,29,53,-4.29,0.51,-3.78,105.1,109.9,-4.8,88.3,0.314,0.193,0.53,0.483,14.5,28.2,0.24100000000000002,0.508,13.5,73.0,0.267
2007,Golden State Warriors,25.5,33.0,49.0,30,52,-3.74,-0.22,-3.97,103.6,107.6,-4.0,92.0,0.322,0.193,0.524,0.48,13.9,26.4,0.23600000000000002,0.5,14.7,71.6,0.27899999999999997
2007,Chicago Bulls,26.0,28.0,54.0,29,53,-4.38,-0.06,-4.43,107.0,111.7,-4.7,92.3,0.28600000000000003,0.21899999999999997,0.541,0.504,14.1,27.6,0.209,0.522,14.5,68.1,0.23399999999999999
2007,Los Angeles Clippers,26.2,22.0,60.0,27,55,-5.15,0.71,-4.44,106.9,112.3,-5.4,93.6,0.374,0.21100000000000002,0.555,0.504,15.2,25.9,0.285,0.529,14.0,71.1,0.237
2007,San Antonio Spurs,24.1,30.0,52.0,27,55,-4.76,-0.1,-4.86,103.0,108.3,-5.3,90.0,0.34600000000000003,0.163,0.523,0.47100000000000003,15.1,29.2,0.263,0.503,14.5,70.9,0.268
2008,Los Angeles Lakers,27.9,66.0,16.0,67,15,10.26,-0.95,9.3,110.2,98.9,11.3,90.9,0.34600000000000003,0.249,0.569,0.522,14.7,26.6,0.267,0.457,15.2,74.4,0.253
2008,Portland Trail Blazers,26.7,57.0,25.0,59,23,7.26,0.09,7.34,113.0,105.5,7.5,95.6,0.33299999999999996,0.257,0.57,0.525,12.9,26.3,0.256,0.485,12.9,73.4,0.214
2008,San Antonio Spurs,25.3,54.0,28.0,59,23,6.88,-0.01,6.86,113.8,106.5,7.3,93.2,0.349,0.166,0.573,0.528,13.6,29.5,0.265,0.501,15.0,74.1,0.294
2008,Phoenix Suns,28.3,59.0,23.0,62,20,7.39,-0.72,6.67,111.4,102.9,8.5,87.3,0.3,0.203,0.539,0.495,11.4,29.4,0.23,0.47,13.4,73.7,0.244
2008,Utah Jazz,27.1,56.0,26.0,56,26,5.28,0.18,5.46,111.5,105.7,5.8,89.9,0.251,0.239,0.5479999999999999,0.512,11.4,27.0,0.193,0.501,13.5,75.4,0.184
2008,Indiana Pacers,29.3,55.0,27.0,54,28,5.05,0.09,5.14,113.3,108.1,5.2,96.7,0.292,0.26,0.59,0.551,13.4,22.4,0.228,0.488,11.8,70.9,0.191
2008,Sacramento Kings,31.4,56.0,26.0,55,27,4.79,0.31,5.1,107.2,101.8,5.4,88.8,0.276,0.251,0.5429999999999999,0.504,12.6,23.4,0.21,0.47700000000000004,12.8,77.1,0.201
2008,Miami Heat,28.3,55.0,27.0,55,27,4.68,0.15,4.83,106.8,101.6,5.2,90.4,0.276,0.255,0.528,0.49200000000000005,13.0,29.1,0.2,0.465,12.8,74.8,0.214
2008,Minnesota Timberwolves,26.7,52.0,30.0,56,26,5.46,-0.68,4.79,111.3,105.5,5.8,93.4,0.355,0.322,0.575,0.537,13.6,23.4,0.256,0.484,12.3,74.8,0.217
2008,Charlotte Hornets,28.9,51.0,31.0,54,28,4.54,0.16,4.7,111.1,106.1,5.0,90.2,0.318,0.215,0.5539999999999999,0.502,12.3,26.7,0.259,0.474,11.7,75.0,0.252
2008,New York Knicks,28.5,50.0,32.0,51,31,3.71,0.03,3.74,110.0,106.3,3.7,99.7,0.358,0.228,0.557,0.51,12.9,25.5,0.26899999999999996,0.499,14.1,72.1,0.203
2008,Seattle SuperSonics,26.3,41.0,41.0,49,33,2.9,-0.44,2.47,110.2,107.0,3.2,90.2,0.247,0.217,0.551,0.511,11.4,23.4,0.2,0.505,13.5,75.0,0.205
2008,Detroit Pistons,25.5,48.0,34.0,47,35,2.21,0.17,2.38,111.8,109.5,2.3,98.8,0.276,0.295,0.5479999999999999,0.511,11.5,27.2,0.20800000000000002,0.509,14.7,70.3,0.258
2008,Philadelphia 76ers,25.3,40.0,42.0,42,40,0.41,-0.23,0.19,106.4,106.0,0.4,90.4,0.321,0.14300000000000002,0.522,0.48200000000000004,13.4,31.8,0.22699999999999998,0.504,15.1,72.0,0.205
2008,Orlando Magic,24.1,41.0,41.0,38,44,-0.98,0.45,-0.52,107.3,108.4,-1.1,87.9,0.281,0.218,0.532,0.489,12.6,26.8,0.21600000000000003,0.491,12.1,71.8,0.212
2008,Milwaukee Bucks,27.1,45.0,37.0,40,42,-0.35,-0.17,-0.53,106.0,106.4,-0.4,90.2,0.308,0.231,0.52,0.48,13.1,30.4,0.221,0.494,12.9,75.9,0.24
2008,Dallas Mavericks,27.2,43.0,39.0,40,42,-0.33,-0.28,-0.61,109.2,109.6,-0.4,89.5,0.297,0.24100000000000002,0.535,0.489,12.5,28.9,0.233,0.513,13.5,72.8,0.217
2008,Toronto Raptors,27.3,38.0,44.0,35,47,-2.26,0.4,-1.86,107.5,109.9,-2.4,94.7,0.34600000000000003,0.20800000000000002,0.556,0.503,14.8,25.2,0.276,0.51,13.9,71.7,0.256
2008,Houston Rockets,26.7,36.0,46.0,37,45,-1.4,-0.46,-1.87,106.0,107.5,-1.5,97.7,0.292,0.289,0.54,0.498,13.5,24.4,0.22399999999999998,0.498,14.1,73.9,0.271
2008,Boston Celtics,24.2,37.0,45.0,36,46,-1.82,-0.41,-2.23,106.9,108.9,-2.0,91.1,0.34,0.165,0.535,0.483,14.0,29.7,0.263,0.501,12.9,71.7,0.217
2008,New Jersey Nets,25.7,33.0,49.0,32,50,-3.09,-0.11,-3.19,103.9,107.2,-3.3,93.0,0.29600000000000004,0.19,0.515,0.47,13.4,28.9,0.223,0.496,14.2,73.1,0.258
2008,Denver Nuggets,26.3,32.0,50.0,29,53,-4.38,-0.11,-4.49,104.6,109.4,-4.8,91.8,0.32299999999999995,0.22,0.532,0.49200000000000005,13.9,25.6,0.23,0.505,13.4,71.0,0.235
2008,Washington Wizards,27.4,34.0,48.0,27,55,-5.06,-0.09,-5.15,104.0,109.4,-5.4,91.5,0.34700000000000003,0.222,0.528,0.48100000000000004,14.2,26.6,0.255,0.49700000000000005,12.7,73.8,0.271
2008,Cleveland Cavaliers,24.5,22.0,60.0,25,57,-6.21,0.45,-5.76,105.0,111.4,-6.4,95.3,0.311,0.264,0.539,0.5,14.0,23.8,0.225,0.521,12.2,73.4,0.196
2008,Vancouver Grizzlies,24.6,22.0,60.0,23,59,-6.78,0.52,-6.26,103.8,111.2,-7.4,91.9,0.248,0.185,0.518,0.484,13.6,27.5,0.183,0.513,12.9,73.6,0.26899999999999996
2008,Atlanta Hawks,25.7,23.0,59.0,23,59,-6.61,0.06,-6.55,104.7,111.9,-7.2,91.6,0.31,0.215,0.518,0.475,13.4,28.6,0.226,0.518,12.1,72.7,0.22899999999999998
2008,Golden State Warriors,28.5,23.0,59.0,21,61,-7.27,0.71,-6.56,101.2,109.1,-7.9,92.1,0.33799999999999997,0.16699999999999998,0.519,0.465,13.7,23.1,0.264,0.503,12.8,73.1,0.23600000000000002
2008,Chicago Bulls,25.8,26.0,56.0,23,59,-6.89,-0.03,-6.92,105.3,112.8,-7.5,91.3,0.294,0.195,0.522,0.48200000000000004,13.7,30.0,0.215,0.524,13.0,73.0,0.25
2008,Los Angeles Clippers,25.4,20.0,62.0,19,63,-8.76,0.72,-8.04,100.5,109.5,-9.0,96.3,0.265,0.134,0.509,0.467,14.3,26.8,0.204,0.503,11.9,73.7,0.215
2008,San Antonio Spurs,27.4,15.0,67.0,18,64,-8.65,0.11,-8.53,100.5,110.0,-9.5,90.2,0.3,0.217,0.522,0.48200000000000004,14.4,22.1,0.218,0.51,13.6,71.9,0.245
2009,Los Angeles Lakers,26.6,66.0,16.0,65,17,8.93,-0.25,8.68,112.4,102.4,10.0,88.7,0.312,0.259,0.56,0.519,12.5,27.7,0.23600000000000002,0.46799999999999997,13.5,74.6,0.226
2009,Portland Trail Blazers,27.8,62.0,20.0,61,21,7.51,-0.07,7.44,110.5,102.3,8.2,90.4,0.32799999999999996,0.214,0.5710000000000001,0.528,15.0,27.9,0.251,0.47,14.0,75.6,0.253
2009,San Antonio Spurs,27.4,65.0,17.0,61,21,7.66,-0.55,7.11,112.8,104.7,8.1,94.3,0.299,0.217,0.555,0.513,12.3,29.4,0.23,0.49,14.2,73.0,0.213
2009,Phoenix Suns,27.3,59.0,23.0,59,23,6.7,-0.21,6.48,109.2,101.9,7.3,92.3,0.35100000000000003,0.335,0.5589999999999999,0.52,13.4,24.0,0.251,0.465,12.3,75.9,0.209
2009,Utah Jazz,24.0,54.0,28.0,56,26,5.34,-0.35,5.0,113.9,107.8,6.1,86.6,0.306,0.239,0.5529999999999999,0.511,12.5,32.6,0.23399999999999999,0.499,13.2,75.0,0.22699999999999998
2009,Indiana Pacers,27.9,53.0,29.0,53,29,4.0,-0.27,3.73,108.4,104.0,4.4,90.2,0.292,0.254,0.5479999999999999,0.501,13.6,26.4,0.235,0.479,11.9,75.3,0.192
2009,Sacramento Kings,30.4,54.0,28.0,52,30,3.76,-0.4,3.36,108.5,104.3,4.2,88.4,0.251,0.248,0.5479999999999999,0.513,11.7,22.1,0.191,0.48700000000000004,11.7,78.0,0.191
2009,Miami Heat,27.7,54.0,28.0,50,32,3.41,-0.29,3.13,110.4,106.8,3.6,94.3,0.382,0.22699999999999998,0.563,0.512,14.2,27.5,0.29,0.485,14.1,71.7,0.259
2009,Minnesota Timberwolves,25.5,48.0,34.0,48,34,2.65,-0.34,2.31,110.1,107.3,2.8,93.1,0.355,0.16899999999999998,0.5539999999999999,0.504,13.6,28.2,0.27399999999999997,0.505,15.0,72.7,0.262
2009,Charlotte Hornets,25.8,47.0,35.0,46,36,1.57,0.13,1.7,109.3,107.6,1.7,89.6,0.32299999999999995,0.253,0.546,0.504,12.5,26.0,0.23800000000000002,0.494,13.2,71.6,0.21
2009,New York Knicks,29.0,50.0,32.0,47,35,1.98,-0.3,1.68,110.5,108.4,2.1,91.5,0.27399999999999997,0.24100000000000002,0.55,0.504,12.1,26.6,0.22399999999999998,0.493,12.3,74.6,0.225
2009,Seattle SuperSonics,29.5,46.0,36.0,46,36,1.93,-0.31,1.62,113.6,111.6,2.0,96.0,0.336,0.21600000000000003,0.584,0.545,14.4,27.7,0.25,0.511,12.8,71.7,0.233
2009,Detroit Pistons,28.2,49.0,33.0,46,36,1.55,-0.14,1.41,108.7,107.0,1.7,87.8,0.28800000000000003,0.24,0.5479999999999999,0.501,12.5,24.6,0.23199999999999998,0.496,13.2,74.9,0.23
2009,Philadelphia 76ers,25.6,43.0,39.0,42,40,0.26,0.23,0.49,107.8,107.6,0.2,89.9,0.282,0.245,0.54,0.5,12.1,24.6,0.212,0.501,14.5,72.9,0.251
2009,Orlando Magic,26.1,41.0,41.0,41,41,0.07,0.09,0.16,107.9,107.8,0.1,90.0,0.33899999999999997,0.16399999999999998,0.532,0.485,13.4,31.3,0.253,0.507,14.9,71.4,0.21600000000000003
2009,Milwaukee Bucks,24.9,41.0,41.0,40,42,-0.28,0.12,-0.16,108.4,108.7,-0.3,93.1,0.3,0.18899999999999997,0.541,0.493,13.3,28.0,0.239,0.493,13.1,70.9,0.23800000000000002
2009,Dallas Mavericks,28.2,39.0,43.0,40,42,-0.49,0.13,-0.36,107.4,108.0,-0.6,86.7,0.282,0.165,0.524,0.483,11.7,27.9,0.212,0.485,11.7,74.0,0.248
2009,Toronto Raptors,26.5,36.0,46.0,38,44,-1.11,0.35,-0.76,108.1,109.2,-1.1,96.5,0.267,0.244,0.545,0.501,13.1,25.4,0.215,0.499,12.7,74.5,0.271
2009,Houston Rockets,26.3,34.0,48.0,38,44,-1.09,0.21,-0.88,106.7,107.9,-1.2,92.6,0.306,0.20800000000000002,0.531,0.483,13.1,27.8,0.239,0.503,15.6,74.0,0.315
2009,Boston Celtics,25.8,35.0,47.0,37,45,-1.27,0.07,-1.2,104.7,106.1,-1.4,88.3,0.312,0.213,0.536,0.494,15.1,27.7,0.231,0.498,14.4,73.0,0.22899999999999998
2009,New Jersey Nets,25.7,34.0,48.0,34,48,-2.44,0.13,-2.31,108.3,111.0,-2.7,89.9,0.303,0.265,0.5429999999999999,0.49700000000000005,12.7,25.2,0.23600000000000002,0.509,13.0,73.5,0.272
2009,Denver Nuggets,25.7,32.0,50.0,34,48,-2.61,0.28,-2.33,108.1,110.8,-2.7,96.7,0.268,0.322,0.544,0.503,12.9,24.4,0.21,0.52,13.0,72.7,0.215
2009,Washington Wizards,27.0,33.0,49.0,33,49,-2.82,0.28,-2.54,107.0,110.0,-3.0,92.0,0.27899999999999997,0.193,0.542,0.494,12.8,24.0,0.23,0.511,12.6,73.7,0.20199999999999999
2009,Cleveland Cavaliers,25.0,29.0,53.0,31,51,-3.74,-0.06,-3.8,109.5,113.3,-3.8,98.2,0.33899999999999997,0.209,0.5489999999999999,0.49700000000000005,12.9,26.1,0.268,0.508,12.9,68.1,0.251
2009,Vancouver Grizzlies,25.4,24.0,58.0,27,55,-4.91,0.18,-4.74,106.1,111.4,-5.3,91.6,0.289,0.22699999999999998,0.526,0.48100000000000004,13.3,27.7,0.222,0.515,12.0,75.0,0.254
2009,Atlanta Hawks,23.3,24.0,58.0,26,56,-5.46,0.24,-5.23,103.5,109.5,-6.0,90.1,0.32899999999999996,0.175,0.5329999999999999,0.486,14.8,25.8,0.249,0.515,14.1,73.5,0.247
2009,Golden State Warriors,24.5,23.0,59.0,24,58,-6.1,0.06,-6.04,102.9,109.4,-6.5,93.6,0.308,0.141,0.521,0.47100000000000003,14.8,28.6,0.242,0.514,13.0,73.9,0.21600000000000003
2009,Chicago Bulls,26.9,19.0,63.0,21,61,-7.46,0.48,-6.98,105.4,113.6,-8.2,91.0,0.293,0.18,0.524,0.48,13.2,27.7,0.22399999999999998,0.5329999999999999,13.3,71.4,0.22699999999999998
2009,Los Angeles Clippers,26.6,19.0,63.0,18,64,-8.77,0.3,-8.47,102.3,111.7,-9.4,92.1,0.275,0.226,0.52,0.48100000000000004,14.0,25.1,0.20199999999999999,0.512,12.4,71.2,0.22699999999999998
2009,San Antonio Spurs,26.3,17.0,65.0,19,63,-8.76,0.16,-8.6,105.5,114.7,-9.2,94.2,0.315,0.23800000000000002,0.542,0.491,14.3,24.5,0.252,0.526,13.0,69.9,0.26899999999999996
2010,Los Angeles Lakers,27.9,59.0,23.0,61,21,7.49,-0.37,7.12,111.4,103.3,8.1,92.0,0.34,0.35,0.573,0.536,13.6,24.6,0.24600000000000002,0.47700000000000004,12.2,77.4,0.205
2010,Portland Trail Blazers,28.0,61.0,21.0,59,23,6.52,-0.36,6.17,111.2,104.1,7.1,91.4,0.341,0.248,0.57,0.532,13.4,25.1,0.24600000000000002,0.48200000000000004,12.3,77.2,0.218
2010,San Antonio Spurs,25.6,53.0,29.0,55,27,5.34,-0.01,5.33,110.7,105.0,5.7,93.8,0.34,0.184,0.565,0.524,14.2,26.8,0.252,0.49200000000000005,14.2,75.6,0.26899999999999996
2010,Phoenix Suns,28.7,50.0,32.0,55,27,5.09,-0.02,5.07,110.0,104.5,5.5,91.7,0.29600000000000004,0.23199999999999998,0.552,0.515,12.9,26.8,0.21899999999999997,0.483,12.1,76.3,0.214
2010,Utah Jazz,28.4,57.0,25.0,54,28,4.72,0.06,4.78,108.8,103.7,5.1,92.8,0.289,0.22699999999999998,0.5379999999999999,0.496,12.4,27.6,0.221,0.484,13.2,74.4,0.195
2010,Indiana Pacers,28.5,54.0,28.0,54,28,4.9,-0.23,4.67,115.3,110.2,5.1,95.3,0.312,0.261,0.585,0.546,13.6,27.6,0.24,0.491,11.6,70.8,0.22399999999999998
2010,Sacramento Kings,26.5,53.0,29.0,54,28,4.66,-0.22,4.44,111.9,106.7,5.2,90.1,0.281,0.214,0.545,0.506,11.4,28.2,0.213,0.496,13.2,72.7,0.20800000000000002
2010,Miami Heat,27.7,53.0,29.0,52,30,4.09,0.06,4.15,111.8,107.5,4.3,94.8,0.376,0.22699999999999998,0.561,0.509,12.7,26.1,0.29,0.495,13.8,72.4,0.251
2010,Minnesota Timberwolves,23.2,50.0,32.0,51,31,3.49,0.06,3.55,108.3,104.6,3.7,93.1,0.33299999999999996,0.185,0.547,0.494,13.9,28.6,0.268,0.483,14.0,73.6,0.22899999999999998
2010,Charlotte Hornets,29.4,50.0,32.0,52,30,3.66,-0.29,3.37,107.7,103.8,3.9,91.6,0.332,0.228,0.564,0.522,14.5,22.8,0.248,0.48700000000000004,14.9,73.8,0.251
2010,New York Knicks,26.6,50.0,32.0,51,31,3.3,-0.13,3.18,110.8,107.1,3.7,87.7,0.315,0.215,0.547,0.499,12.1,28.2,0.249,0.502,13.3,74.8,0.21899999999999997
2010,Seattle SuperSonics,30.7,55.0,27.0,49,33,2.72,-0.06,2.66,109.2,106.3,2.9,92.5,0.27699999999999997,0.222,0.552,0.506,12.3,24.3,0.226,0.495,13.6,73.7,0.20600000000000002
2010,Detroit Pistons,27.1,47.0,35.0,48,34,2.28,-0.29,1.99,106.6,104.1,2.5,89.6,0.29600000000000004,0.21899999999999997,0.537,0.496,12.8,26.1,0.223,0.48,13.9,74.9,0.24600000000000002
2010,Philadelphia 76ers,26.4,46.0,36.0,46,36,1.7,-0.32,1.37,104.9,103.1,1.8,91.7,0.239,0.259,0.518,0.48200000000000004,12.3,26.2,0.18100000000000002,0.486,14.6,76.4,0.266
2010,Orlando Magic,27.4,44.0,38.0,45,37,1.46,-0.17,1.3,104.4,102.8,1.6,90.4,0.34600000000000003,0.21100000000000002,0.5379999999999999,0.49,15.1,26.5,0.26,0.491,14.7,74.2,0.19399999999999998
2010,Milwaukee Bucks,26.0,42.0,40.0,40,42,-0.37,0.35,-0.02,107.6,108.0,-0.4,94.0,0.292,0.265,0.537,0.494,13.2,26.9,0.225,0.511,13.6,73.8,0.215
2010,Dallas Mavericks,24.1,40.0,42.0,37,45,-1.51,0.13,-1.39,108.3,109.9,-1.6,93.6,0.32,0.14800000000000002,0.536,0.494,13.7,31.3,0.235,0.52,13.2,73.3,0.205
2010,Toronto Raptors,26.2,41.0,41.0,36,46,-1.63,0.0,-1.64,103.5,105.3,-1.8,93.1,0.287,0.156,0.52,0.47700000000000004,13.3,26.6,0.217,0.484,12.3,74.8,0.212
2010,Houston Rockets,25.2,40.0,42.0,36,46,-1.78,-0.05,-1.83,111.3,113.2,-1.9,93.1,0.319,0.21100000000000002,0.564,0.521,12.7,24.7,0.244,0.513,11.8,72.9,0.247
2010,Boston Celtics,27.5,37.0,45.0,34,48,-2.46,0.19,-2.27,107.4,110.1,-2.7,92.6,0.243,0.23,0.5429999999999999,0.506,12.7,24.8,0.18899999999999997,0.523,13.5,73.8,0.205
2010,New Jersey Nets,26.6,32.0,50.0,33,49,-3.01,-0.1,-3.11,103.7,106.8,-3.1,97.1,0.29600000000000004,0.278,0.536,0.491,13.8,21.6,0.22899999999999998,0.49,13.4,73.0,0.258
2010,Denver Nuggets,25.1,26.0,56.0,32,50,-3.6,0.32,-3.28,108.1,111.7,-3.6,100.4,0.294,0.23800000000000002,0.557,0.514,13.1,20.9,0.23,0.525,15.1,68.5,0.26
2010,Washington Wizards,25.4,27.0,55.0,30,52,-3.9,-0.03,-3.93,106.1,110.3,-4.2,91.6,0.27,0.20600000000000002,0.534,0.496,13.7,27.6,0.204,0.518,13.8,73.2,0.231
2010,Cleveland Cavaliers,25.4,29.0,53.0,31,51,-3.82,-0.19,-4.01,107.6,111.6,-4.0,94.0,0.256,0.312,0.547,0.509,13.0,23.5,0.2,0.526,13.3,72.1,0.207
2010,Vancouver Grizzlies,24.1,25.0,57.0,29,53,-4.37,0.3,-4.06,105.3,109.9,-4.6,94.0,0.28600000000000003,0.201,0.528,0.491,13.6,27.8,0.207,0.505,12.6,73.5,0.244
2010,Atlanta Hawks,27.6,26.0,56.0,28,54,-4.78,0.06,-4.72,104.2,109.4,-5.2,91.6,0.28300000000000003,0.183,0.524,0.48100000000000004,13.9,27.6,0.21600000000000003,0.502,12.8,72.4,0.239
2010,Golden State Warriors,26.7,27.0,55.0,26,56,-5.11,0.09,-5.02,105.6,111.4,-5.8,88.5,0.303,0.18,0.515,0.474,12.8,30.3,0.22,0.526,14.2,73.4,0.264
2010,Chicago Bulls,27.3,29.0,53.0,24,58,-6.35,0.34,-6.01,103.3,110.1,-6.8,92.6,0.28300000000000003,0.221,0.529,0.491,14.8,27.1,0.20600000000000002,0.509,12.2,74.0,0.214
2010,Los Angeles Clippers,24.8,12.0,70.0,17,65,-9.12,0.19,-8.93,100.6,110.5,-9.9,91.4,0.307,0.18100000000000002,0.509,0.45799999999999996,13.7,25.1,0.24,0.517,13.3,71.8,0.22899999999999998
2010,San Antonio Spurs,24.1,15.0,67.0,17,65,-9.6,0.54,-9.06,101.7,111.6,-9.9,96.1,0.278,0.171,0.518,0.478,14.6,26.7,0.207,0.525,13.0,73.6,0.22
2011,Los Angeles Lakers,29.0,58.0,24.0,61,21,7.46,-0.71,6.76,111.7,103.5,8.2,90.9,0.363,0.235,0.573,0.524,13.5,25.2,0.27899999999999997,0.475,12.6,75.5,0.223
2011,Portland Trail Blazers,26.4,62.0,20.0,61,21,7.32,-0.79,6.53,108.3,100.3,8.0,90.4,0.305,0.215,0.541,0.501,13.5,29.4,0.22699999999999998,0.46299999999999997,13.6,76.2,0.222
2011,San Antonio Spurs,30.2,57.0,25.0,58,24,6.11,-0.1,6.01,111.0,104.3,6.7,90.7,0.293,0.22,0.545,0.502,12.3,29.2,0.228,0.47700000000000004,12.8,72.3,0.18100000000000002
2011,Phoenix Suns,28.8,61.0,21.0,56,26,5.71,0.16,5.86,111.8,105.6,6.2,92.3,0.299,0.261,0.5670000000000001,0.527,12.8,24.9,0.22899999999999998,0.491,12.6,74.6,0.19
2011,Utah Jazz,27.6,52.0,30.0,56,26,5.46,-0.54,4.92,107.9,102.0,5.9,91.2,0.32799999999999996,0.32799999999999996,0.5539999999999999,0.521,14.3,26.1,0.22699999999999998,0.475,13.3,76.9,0.21899999999999997
2011,Indiana Pacers,29.5,56.0,26.0,57,25,5.37,-0.54,4.83,106.2,100.3,5.9,90.4,0.305,0.18,0.561,0.519,14.5,21.1,0.235,0.469,14.8,74.7,0.235
2011,Sacramento Kings,27.3,50.0,32.0,54,28,4.76,0.05,4.81,112.3,107.3,5.0,95.6,0.36700000000000005,0.258,0.574,0.526,13.1,23.9,0.281,0.5,12.7,75.4,0.22399999999999998
2011,Miami Heat,30.9,57.0,25.0,53,29,4.23,0.18,4.41,109.7,105.0,4.7,91.3,0.28600000000000003,0.27399999999999997,0.565,0.525,13.6,24.1,0.222,0.488,13.0,74.8,0.20600000000000002
2011,Minnesota Timberwolves,23.7,55.0,27.0,51,31,3.79,0.02,3.81,111.2,107.2,4.0,92.7,0.363,0.212,0.561,0.501,13.1,27.4,0.299,0.493,12.9,73.6,0.228
2011,Charlotte Hornets,25.2,46.0,36.0,48,34,2.34,0.2,2.55,107.6,105.1,2.5,91.9,0.29100000000000004,0.136,0.534,0.493,13.0,28.9,0.218,0.502,15.7,72.5,0.228
2011,New York Knicks,26.5,43.0,39.0,47,35,2.18,0.19,2.37,111.3,109.0,2.3,94.2,0.299,0.264,0.55,0.503,12.3,27.4,0.239,0.5,12.6,72.7,0.21899999999999997
2011,Seattle SuperSonics,26.7,48.0,34.0,46,36,1.52,0.32,1.85,108.8,107.1,1.7,87.9,0.278,0.228,0.5329999999999999,0.486,12.6,29.5,0.22399999999999998,0.51,15.4,72.0,0.231
2011,Detroit Pistons,26.3,46.0,36.0,44,38,0.89,0.39,1.28,106.2,105.2,1.0,88.7,0.29600000000000004,0.192,0.537,0.493,12.8,25.1,0.226,0.501,14.4,76.2,0.22
2011,Philadelphia 76ers,24.7,41.0,41.0,45,37,1.5,-0.5,1.01,106.6,105.0,1.6,91.7,0.273,0.184,0.535,0.494,12.3,24.6,0.21,0.48700000000000004,13.5,74.5,0.231
2011,Orlando Magic,25.3,42.0,40.0,43,39,0.78,-0.3,0.48,110.9,110.1,0.8,95.6,0.304,0.303,0.561,0.513,12.6,24.2,0.24600000000000002,0.511,13.8,71.9,0.24
2011,Milwaukee Bucks,29.6,40.0,42.0,39,43,-0.89,0.43,-0.46,109.5,110.4,-0.9,94.4,0.28300000000000003,0.271,0.5589999999999999,0.522,13.2,23.7,0.215,0.513,13.1,71.6,0.21100000000000002
2011,Dallas Mavericks,26.7,35.0,47.0,38,44,-0.84,-0.17,-1.02,101.6,102.5,-0.9,89.8,0.287,0.21600000000000003,0.511,0.467,13.0,24.7,0.217,0.48100000000000004,14.7,74.8,0.23600000000000002
2011,Toronto Raptors,27.4,44.0,38.0,39,43,-0.82,-0.28,-1.1,106.1,107.0,-0.9,89.3,0.26899999999999996,0.222,0.542,0.501,13.5,23.4,0.209,0.495,12.3,74.6,0.21100000000000002
2011,Houston Rockets,25.9,37.0,45.0,38,44,-1.07,-0.3,-1.38,104.8,106.0,-1.2,94.7,0.3,0.244,0.5329999999999999,0.486,14.1,25.9,0.235,0.48700000000000004,12.8,74.1,0.237
2011,Boston Celtics,26.8,39.0,43.0,36,46,-1.83,0.39,-1.44,108.1,110.1,-2.0,91.0,0.313,0.191,0.544,0.498,13.5,27.0,0.24100000000000002,0.505,13.8,71.7,0.275
2011,New Jersey Nets,25.2,36.0,46.0,35,47,-2.33,0.33,-2.0,108.2,110.7,-2.5,94.8,0.24100000000000002,0.248,0.544,0.51,13.3,26.7,0.183,0.509,14.5,69.3,0.259
2011,Denver Nuggets,24.6,32.0,50.0,32,50,-3.13,0.42,-2.71,105.3,108.7,-3.4,92.8,0.332,0.23,0.535,0.496,15.1,28.4,0.23399999999999999,0.499,12.8,73.2,0.25
2011,Washington Wizards,27.2,30.0,52.0,31,51,-3.6,-0.18,-3.78,107.7,111.7,-4.0,89.2,0.27899999999999997,0.18899999999999997,0.5329999999999999,0.495,12.5,27.4,0.20600000000000002,0.526,13.8,72.1,0.235
2011,Cleveland Cavaliers,26.9,34.0,48.0,29,53,-4.0,-0.08,-4.08,103.4,107.8,-4.4,89.6,0.314,0.18899999999999997,0.528,0.48200000000000004,14.1,25.7,0.237,0.5,12.9,75.2,0.22899999999999998
2011,Vancouver Grizzlies,24.8,24.0,58.0,27,55,-5.34,0.54,-4.8,103.5,109.0,-5.5,95.2,0.284,0.183,0.519,0.48,14.4,29.9,0.20800000000000002,0.513,13.5,74.4,0.233
2011,Atlanta Hawks,23.8,17.0,65.0,24,58,-6.63,0.67,-5.97,104.2,111.1,-6.9,96.5,0.282,0.223,0.526,0.483,15.1,29.6,0.217,0.514,13.1,73.7,0.251
2011,Golden State Warriors,24.8,24.0,58.0,24,58,-6.24,-0.04,-6.28,103.1,109.9,-6.8,89.9,0.28300000000000003,0.201,0.517,0.474,13.4,26.1,0.215,0.503,11.8,74.2,0.24100000000000002
2011,Chicago Bulls,24.5,22.0,60.0,24,58,-6.28,0.01,-6.28,106.1,112.9,-6.8,92.9,0.293,0.162,0.5329999999999999,0.491,13.7,28.2,0.221,0.522,13.0,72.0,0.251
2011,Los Angeles Clippers,24.9,23.0,59.0,22,60,-7.4,0.11,-7.3,102.4,110.2,-7.8,93.8,0.29,0.172,0.513,0.47100000000000003,13.9,28.0,0.21600000000000003,0.512,14.4,70.5,0.249
2011,San Antonio Spurs,26.6,19.0,63.0,18,64,-9.01,0.14,-8.88,102.2,111.8,-9.6,93.0,0.312,0.22399999999999998,0.518,0.47200000000000003,13.4,24.2,0.233,0.524,12.7,73.3,0.21100000000000002
2012,Los Angeles Lakers,27.1,50.0,16.0,51,15,8.18,-0.76,7.43,107.4,98.3,9.1,89.1,0.255,0.205,0.523,0.49,13.2,32.6,0.184,0.45,12.8,74.3,0.175
2012,Portland Trail Blazers,27.5,50.0,16.0,48,18,7.17,0.11,7.28,110.9,103.2,7.7,92.9,0.261,0.257,0.562,0.528,12.8,25.1,0.195,0.489,12.9,76.0,0.168
2012,San Antonio Spurs,25.1,47.0,19.0,46,20,6.12,0.32,6.44,109.8,103.2,6.6,93.0,0.33399999999999996,0.252,0.5670000000000001,0.516,15.3,27.8,0.26899999999999996,0.465,13.0,72.1,0.207
2012,Phoenix Suns,28.3,46.0,20.0,47,19,5.98,-0.27,5.72,106.6,100.2,6.4,91.2,0.307,0.198,0.5489999999999999,0.505,14.5,26.6,0.23800000000000002,0.479,15.8,73.9,0.2
2012,Utah Jazz,24.9,35.0,31.0,43,23,4.24,-0.65,3.59,103.9,99.2,4.7,89.7,0.217,0.175,0.511,0.48,10.9,24.4,0.161,0.46,13.5,75.2,0.192
2012,Indiana Pacers,26.6,38.0,28.0,39,27,2.88,0.29,3.16,109.2,106.2,3.0,94.2,0.326,0.243,0.556,0.516,14.1,27.7,0.239,0.508,14.3,74.3,0.185
2012,Sacramento Kings,27.3,40.0,26.0,39,27,2.56,0.26,2.82,108.5,105.7,2.8,89.2,0.287,0.26899999999999996,0.5329999999999999,0.502,12.7,29.5,0.195,0.49200000000000005,14.2,73.2,0.245
2012,Miami Heat,27.9,40.0,26.0,41,25,3.44,-0.77,2.67,104.9,101.2,3.7,90.2,0.259,0.249,0.535,0.5,13.4,23.9,0.192,0.48,14.4,74.4,0.18600000000000003
2012,Minnesota Timberwolves,26.3,42.0,24.0,41,25,3.3,-0.71,2.6,106.7,103.1,3.6,90.7,0.321,0.198,0.526,0.474,13.1,29.2,0.251,0.47600000000000003,14.1,72.3,0.222
2012,Charlotte Hornets,25.6,41.0,25.0,38,28,2.02,0.42,2.43,104.0,101.8,2.2,90.8,0.27699999999999997,0.157,0.515,0.473,13.6,29.8,0.21100000000000002,0.485,16.3,72.7,0.22699999999999998
2012,New York Knicks,26.3,36.0,30.0,41,25,3.2,-0.81,2.39,104.4,101.0,3.4,93.2,0.306,0.28800000000000003,0.5329999999999999,0.49200000000000005,14.9,26.6,0.22699999999999998,0.485,15.9,73.7,0.22399999999999998
2012,Seattle SuperSonics,29.3,39.0,27.0,39,27,2.52,-0.26,2.26,101.0,98.2,2.8,90.4,0.257,0.19399999999999998,0.535,0.496,14.7,19.7,0.2,0.452,14.9,72.4,0.21600000000000003
2012,Detroit Pistons,29.7,41.0,25.0,36,30,1.42,0.54,1.96,106.0,104.4,1.6,90.5,0.299,0.209,0.534,0.491,14.2,29.1,0.226,0.47600000000000003,10.7,74.8,0.158
2012,Philadelphia 76ers,31.3,36.0,30.0,35,31,0.95,0.83,1.78,103.3,102.3,1.0,91.4,0.24600000000000002,0.271,0.527,0.489,13.4,23.4,0.19,0.479,13.9,74.8,0.203
2012,Orlando Magic,25.6,36.0,30.0,34,32,0.62,0.3,0.92,106.8,106.1,0.7,91.4,0.302,0.153,0.525,0.48100000000000004,13.0,30.2,0.22699999999999998,0.493,13.8,73.8,0.245
2012,Milwaukee Bucks,26.2,34.0,32.0,34,32,0.23,0.35,0.57,105.5,105.2,0.3,91.7,0.235,0.24,0.529,0.49200000000000005,13.5,27.5,0.184,0.49,13.8,73.4,0.21
2012,Dallas Mavericks,27.5,37.0,29.0,35,31,0.79,-0.33,0.46,105.0,104.1,0.9,89.0,0.292,0.34600000000000003,0.5329999999999999,0.506,14.5,26.5,0.193,0.488,12.9,75.5,0.19
2012,Toronto Raptors,28.9,33.0,33.0,32,34,-0.24,0.53,0.29,106.2,106.5,-0.3,92.6,0.257,0.23800000000000002,0.536,0.499,13.3,25.8,0.19399999999999998,0.491,13.1,71.7,0.2
2012,Houston Rockets,27.5,28.0,38.0,32,34,-0.62,0.41,-0.22,105.7,106.4,-0.7,91.2,0.263,0.255,0.531,0.488,13.4,26.3,0.209,0.504,14.1,72.8,0.19899999999999998
2012,Boston Celtics,26.2,31.0,35.0,34,32,0.27,-0.5,-0.23,105.5,105.2,0.3,93.7,0.25,0.22399999999999998,0.521,0.48100000000000004,12.9,27.7,0.19399999999999998,0.489,14.6,70.9,0.217
2012,New Jersey Nets,24.4,26.0,40.0,28,38,-2.2,0.37,-1.83,104.3,106.6,-2.3,93.3,0.306,0.262,0.524,0.47700000000000004,14.0,27.5,0.23600000000000002,0.491,12.2,73.0,0.187
2012,Denver Nuggets,25.3,23.0,43.0,25,41,-3.41,0.62,-2.79,105.4,109.1,-3.7,92.3,0.22699999999999998,0.248,0.539,0.505,13.3,22.9,0.175,0.496,13.6,69.1,0.237
2012,Washington Wizards,25.5,21.0,45.0,24,42,-3.76,0.65,-3.11,100.9,105.1,-4.2,88.3,0.27399999999999997,0.152,0.517,0.47600000000000003,15.2,27.5,0.207,0.485,13.5,73.1,0.218
2012,Cleveland Cavaliers,25.7,23.0,43.0,25,41,-3.3,-0.36,-3.67,100.8,104.5,-3.7,89.3,0.27399999999999997,0.209,0.518,0.475,14.8,25.9,0.21100000000000002,0.475,12.8,75.4,0.26
2012,Vancouver Grizzlies,24.3,22.0,44.0,21,45,-5.68,0.73,-4.95,103.8,109.8,-6.0,94.7,0.268,0.228,0.51,0.47200000000000003,13.0,29.1,0.19699999999999998,0.515,13.9,70.5,0.19899999999999998
2012,Atlanta Hawks,24.2,20.0,46.0,22,44,-4.8,-0.34,-5.14,101.0,106.2,-5.2,92.5,0.253,0.196,0.508,0.47200000000000003,14.2,27.3,0.184,0.49200000000000005,14.2,70.9,0.22899999999999998
2012,Golden State Warriors,26.3,25.0,41.0,22,44,-4.79,-0.4,-5.19,101.0,106.3,-5.3,89.2,0.27899999999999997,0.175,0.51,0.46799999999999997,15.0,28.1,0.21,0.5,14.2,72.8,0.226
2012,Chicago Bulls,26.1,22.0,44.0,19,47,-5.98,-0.39,-6.37,102.9,109.6,-6.7,90.1,0.26899999999999996,0.278,0.516,0.473,14.3,27.8,0.209,0.513,13.7,70.7,0.209
2012,Los Angeles Clippers,26.0,21.0,45.0,17,49,-7.2,-0.14,-7.34,101.1,108.9,-7.8,91.3,0.307,0.23800000000000002,0.505,0.46299999999999997,14.3,28.9,0.22,0.508,13.1,72.2,0.20199999999999999
2012,San Antonio Spurs,24.5,7.0,59.0,7,59,-13.91,-0.05,-13.96,95.2,110.4,-15.2,91.1,0.276,0.16899999999999998,0.483,0.439,13.9,23.6,0.20600000000000002,0.512,12.8,70.9,0.20600000000000002
2013,Los Angeles Lakers,26.0,60.0,22.0,64,18,9.21,-0.06,9.15,112.4,102.6,9.8,93.3,0.33799999999999997,0.244,0.58,0.527,14.4,26.7,0.28,0.469,13.5,73.4,0.19699999999999998
2013,Portland Trail Blazers,30.3,66.0,16.0,62,20,7.87,-0.84,7.03,112.3,103.7,8.6,90.7,0.297,0.285,0.588,0.552,13.7,22.2,0.22399999999999998,0.48700000000000004,14.8,73.0,0.2
2013,San Antonio Spurs,28.6,58.0,24.0,58,24,6.4,0.27,6.67,108.3,101.6,6.7,94.2,0.258,0.264,0.568,0.531,14.0,20.5,0.204,0.48,13.7,74.9,0.179
2013,Phoenix Suns,28.8,56.0,26.0,59,23,6.45,-0.02,6.43,110.6,103.6,7.0,91.1,0.28600000000000003,0.265,0.557,0.526,13.9,28.8,0.203,0.49200000000000005,15.4,73.5,0.22899999999999998
2013,Utah Jazz,26.1,57.0,25.0,55,27,5.09,0.28,5.37,110.4,105.1,5.3,95.1,0.308,0.217,0.5489999999999999,0.515,13.6,31.4,0.21600000000000003,0.493,14.3,71.8,0.193
2013,Indiana Pacers,27.0,56.0,26.0,54,28,4.15,0.18,4.32,104.9,100.3,4.6,88.4,0.261,0.166,0.514,0.47200000000000003,13.3,31.0,0.20199999999999999,0.475,15.2,74.3,0.209
2013,Sacramento Kings,30.2,54.0,28.0,53,29,4.23,-0.5,3.73,111.1,106.3,4.8,89.8,0.258,0.354,0.55,0.515,11.7,25.6,0.196,0.508,14.8,74.7,0.21600000000000003
2013,Miami Heat,24.4,45.0,37.0,50,32,3.48,0.22,3.69,109.7,106.1,3.6,96.1,0.308,0.349,0.564,0.525,14.9,26.4,0.23199999999999998,0.502,13.5,75.2,0.196
2013,Minnesota Timberwolves,25.7,49.0,32.0,52,29,4.02,-0.69,3.34,104.3,99.8,4.5,90.2,0.293,0.245,0.521,0.479,14.3,30.3,0.21899999999999997,0.45299999999999996,12.9,74.6,0.19699999999999998
2013,Charlotte Hornets,30.7,45.0,37.0,44,38,1.16,0.32,1.48,107.8,106.6,1.2,94.4,0.345,0.303,0.5479999999999999,0.512,13.9,27.0,0.239,0.496,11.9,74.3,0.163
2013,New York Knicks,25.3,47.0,35.0,44,38,0.89,0.42,1.32,106.4,105.5,0.9,94.5,0.255,0.239,0.545,0.506,14.0,25.4,0.201,0.486,12.4,75.5,0.21100000000000002
2013,Seattle SuperSonics,28.6,49.0,33.0,46,36,1.78,-0.53,1.25,108.2,106.2,2.0,88.8,0.299,0.26899999999999996,0.536,0.498,14.0,30.9,0.21899999999999997,0.503,13.1,73.7,0.174
2013,Detroit Pistons,26.3,43.0,39.0,41,41,-0.09,0.38,0.3,106.7,106.8,-0.1,90.9,0.281,0.20600000000000002,0.5329999999999999,0.49200000000000005,13.8,28.8,0.214,0.501,14.0,73.2,0.226
2013,Philadelphia 76ers,28.0,45.0,37.0,42,40,0.32,-0.33,-0.02,103.5,103.2,0.3,89.3,0.259,0.18899999999999997,0.512,0.47,13.6,29.4,0.201,0.47700000000000004,13.2,73.6,0.20600000000000002
2013,Orlando Magic,27.1,44.0,38.0,42,40,0.4,-0.48,-0.08,104.8,104.4,0.4,92.6,0.244,0.28600000000000003,0.546,0.517,14.2,22.2,0.174,0.496,14.2,73.6,0.18100000000000002
2013,Milwaukee Bucks,29.5,41.0,41.0,39,43,-0.6,0.36,-0.24,105.9,106.5,-0.6,94.1,0.242,0.23600000000000002,0.544,0.506,13.0,21.8,0.192,0.49200000000000005,13.3,73.1,0.22699999999999998
2013,Dallas Mavericks,29.1,41.0,40.0,40,41,-0.22,-0.4,-0.62,103.1,103.3,-0.2,91.7,0.263,0.215,0.542,0.503,14.1,20.1,0.204,0.48200000000000004,14.2,73.3,0.21600000000000003
2013,Toronto Raptors,26.4,38.0,44.0,37,45,-1.5,-0.33,-1.83,103.6,105.2,-1.6,94.7,0.23600000000000002,0.23199999999999998,0.51,0.47600000000000003,12.7,27.9,0.174,0.49200000000000005,14.4,71.3,0.201
2013,Houston Rockets,26.4,31.0,51.0,34,48,-2.37,0.54,-1.83,102.9,105.4,-2.5,92.8,0.305,0.22,0.516,0.473,13.8,27.4,0.226,0.511,15.0,74.0,0.187
2013,Boston Celtics,25.4,34.0,48.0,37,45,-1.48,-0.48,-1.96,105.9,107.5,-1.6,90.4,0.27399999999999997,0.249,0.532,0.488,13.0,25.5,0.21600000000000003,0.5,13.6,73.4,0.247
2013,New Jersey Nets,24.4,33.0,49.0,32,50,-3.17,0.65,-2.53,105.8,109.2,-3.4,91.4,0.25,0.284,0.536,0.498,13.9,25.3,0.19399999999999998,0.512,12.5,73.3,0.18899999999999997
2013,Denver Nuggets,25.4,29.0,53.0,33,49,-2.54,-0.25,-2.78,100.2,103.0,-2.8,92.2,0.261,0.223,0.512,0.475,14.2,24.6,0.191,0.483,13.7,74.6,0.20600000000000002
2013,Washington Wizards,24.0,27.0,55.0,30,52,-3.87,0.75,-3.12,105.7,110.1,-4.4,88.5,0.248,0.22399999999999998,0.528,0.489,14.0,29.2,0.193,0.52,13.1,74.4,0.20800000000000002
2013,Cleveland Cavaliers,25.2,34.0,48.0,31,51,-3.34,-0.17,-3.51,102.0,105.7,-3.7,91.0,0.2,0.209,0.509,0.48100000000000004,12.5,24.9,0.146,0.495,13.7,73.4,0.2
2013,Vancouver Grizzlies,25.6,28.0,54.0,28,54,-4.88,0.62,-4.26,106.2,111.4,-5.2,93.6,0.271,0.243,0.532,0.491,13.4,26.6,0.20800000000000002,0.517,13.6,71.0,0.22699999999999998
2013,Atlanta Hawks,25.3,29.0,53.0,29,53,-3.99,-0.34,-4.33,103.8,108.1,-4.3,90.8,0.282,0.217,0.521,0.48700000000000004,14.3,28.3,0.19699999999999998,0.505,13.1,73.0,0.209
2013,Golden State Warriors,24.1,24.0,58.0,28,54,-4.68,-0.19,-4.87,104.3,109.4,-5.1,92.3,0.265,0.22899999999999998,0.514,0.473,13.0,28.1,0.2,0.523,14.4,72.6,0.225
2013,Chicago Bulls,26.9,25.0,57.0,23,59,-6.46,0.71,-5.75,101.2,108.1,-6.9,93.4,0.23399999999999999,0.21,0.512,0.47700000000000004,14.3,27.0,0.174,0.512,14.2,71.9,0.20800000000000002
2013,Los Angeles Clippers,24.6,20.0,62.0,22,60,-6.99,-0.14,-7.12,101.6,109.1,-7.5,92.2,0.19699999999999998,0.223,0.514,0.485,13.7,25.4,0.149,0.508,11.8,74.6,0.195
2013,San Antonio Spurs,24.4,21.0,61.0,17,65,-9.23,-0.06,-9.29,101.5,111.5,-10.0,91.5,0.31,0.21,0.507,0.46,13.2,25.7,0.233,0.524,13.2,71.1,0.19699999999999998
2014,Los Angeles Lakers,28.9,62.0,20.0,61,21,7.72,0.28,8.0,110.5,102.4,8.1,95.0,0.24,0.257,0.5710000000000001,0.537,13.5,22.7,0.188,0.48200000000000004,12.8,76.4,0.184
2014,Portland Trail Blazers,28.1,57.0,25.0,59,23,6.98,0.3,7.27,112.1,104.8,7.3,95.9,0.353,0.29100000000000004,0.5670000000000001,0.526,12.7,25.0,0.258,0.484,13.8,72.5,0.222
2014,San Antonio Spurs,26.2,59.0,23.0,58,24,6.34,0.32,6.66,110.5,103.9,6.6,95.4,0.303,0.271,0.5660000000000001,0.52,14.0,26.5,0.244,0.488,13.9,75.6,0.221
2014,Phoenix Suns,26.3,51.0,31.0,54,28,4.8,0.34,5.15,107.5,102.6,4.9,96.2,0.247,0.29100000000000004,0.55,0.517,13.8,25.1,0.18600000000000003,0.47700000000000004,13.6,76.3,0.22399999999999998
2014,Utah Jazz,25.4,54.0,28.0,53,29,4.56,0.5,5.06,111.0,106.3,4.7,96.3,0.386,0.33,0.5710000000000001,0.531,14.6,27.4,0.275,0.489,12.5,74.1,0.193
2014,Indiana Pacers,25.8,54.0,28.0,52,30,3.99,0.45,4.44,111.5,107.4,4.1,94.9,0.27,0.29,0.5479999999999999,0.504,12.4,28.0,0.22,0.488,11.0,74.7,0.19399999999999998
2014,Sacramento Kings,30.6,54.0,28.0,54,28,4.76,-0.61,4.15,110.9,105.8,5.1,91.2,0.3,0.292,0.59,0.5539999999999999,14.6,20.6,0.228,0.511,15.8,73.0,0.212
2014,Miami Heat,27.2,56.0,26.0,54,28,4.4,-0.77,3.63,104.1,99.3,4.8,92.5,0.29,0.235,0.535,0.49,14.3,24.9,0.226,0.46,12.9,76.8,0.19699999999999998
2014,Minnesota Timberwolves,26.3,40.0,42.0,48,34,2.67,0.43,3.1,108.9,106.2,2.7,97.3,0.321,0.245,0.535,0.486,12.2,27.4,0.249,0.518,14.8,74.4,0.177
2014,Charlotte Hornets,26.2,48.0,34.0,48,34,2.63,0.39,3.02,109.5,106.7,2.8,95.8,0.293,0.3,0.5579999999999999,0.519,14.0,26.4,0.222,0.496,13.9,73.7,0.237
2014,New York Knicks,30.6,49.0,33.0,48,34,2.4,0.5,2.91,111.2,108.7,2.5,93.5,0.253,0.27399999999999997,0.564,0.526,12.7,24.6,0.201,0.515,14.8,72.7,0.22899999999999998
2014,Seattle SuperSonics,25.6,48.0,34.0,50,32,3.24,-0.69,2.55,108.8,105.3,3.5,91.8,0.306,0.285,0.545,0.498,13.2,27.2,0.239,0.493,14.1,74.9,0.237
2014,Detroit Pistons,28.5,50.0,32.0,46,36,1.57,0.61,2.18,106.3,104.6,1.7,89.9,0.248,0.171,0.529,0.494,13.1,28.3,0.184,0.49700000000000005,13.8,75.7,0.19899999999999998
2014,Philadelphia 76ers,28.6,48.0,34.0,47,35,1.85,-0.66,1.2,102.5,100.5,2.0,90.2,0.29,0.222,0.518,0.47100000000000003,14.2,27.2,0.226,0.47100000000000003,13.7,75.4,0.18899999999999997
2014,Orlando Magic,26.3,44.0,38.0,45,37,1.27,-0.79,0.48,106.0,104.6,1.4,93.2,0.248,0.24600000000000002,0.5379999999999999,0.506,13.6,25.2,0.18100000000000002,0.504,15.0,75.7,0.22
2014,Milwaukee Bucks,27.5,38.0,44.0,40,42,-0.48,-0.4,-0.88,105.9,106.4,-0.5,94.6,0.266,0.316,0.5539999999999999,0.515,14.3,21.0,0.20800000000000002,0.51,14.0,74.4,0.196
2014,Dallas Mavericks,25.5,43.0,39.0,40,42,-0.22,-0.67,-0.89,103.6,103.8,-0.2,92.4,0.297,0.21899999999999997,0.522,0.48100000000000004,11.7,21.9,0.21899999999999997,0.491,12.6,77.6,0.183
2014,Toronto Raptors,26.0,36.0,46.0,35,47,-2.15,0.75,-1.4,106.0,108.2,-2.2,98.1,0.306,0.278,0.536,0.49700000000000005,14.0,27.5,0.222,0.5,12.8,74.5,0.233
2014,Houston Rockets,28.3,37.0,45.0,39,43,-0.79,-0.61,-1.4,108.3,109.1,-0.8,90.3,0.248,0.302,0.541,0.505,12.5,25.1,0.18899999999999997,0.514,14.0,74.3,0.245
2014,Boston Celtics,30.0,44.0,38.0,38,44,-1.0,-0.58,-1.58,106.7,107.7,-1.0,91.4,0.313,0.301,0.555,0.514,14.1,21.7,0.23600000000000002,0.509,14.9,72.3,0.23600000000000002
2014,New Jersey Nets,24.3,34.0,48.0,33,49,-2.71,0.73,-1.98,107.2,110.1,-2.9,92.2,0.28600000000000003,0.193,0.537,0.495,12.9,26.9,0.22,0.515,13.6,73.8,0.249
2014,Denver Nuggets,24.9,28.0,54.0,33,49,-2.9,0.82,-2.08,105.7,108.8,-3.1,94.4,0.331,0.218,0.532,0.484,13.9,27.8,0.251,0.512,12.7,76.6,0.23399999999999999
2014,Washington Wizards,24.9,33.0,49.0,32,50,-3.29,-0.57,-3.86,104.2,107.7,-3.5,93.1,0.268,0.23600000000000002,0.518,0.479,13.0,27.2,0.201,0.508,13.0,75.8,0.19899999999999998
2014,Cleveland Cavaliers,24.7,29.0,53.0,31,51,-3.66,-0.48,-4.13,105.9,109.7,-3.8,94.9,0.29600000000000004,0.222,0.514,0.48200000000000004,12.9,31.4,0.19899999999999998,0.52,13.8,73.4,0.218
2014,Vancouver Grizzlies,25.4,25.0,57.0,28,54,-4.46,-0.51,-4.97,102.9,107.7,-4.8,93.3,0.248,0.251,0.517,0.47700000000000004,14.2,27.4,0.193,0.505,13.4,74.2,0.22699999999999998
2014,Atlanta Hawks,26.8,27.0,55.0,25,57,-6.29,0.96,-5.33,104.2,110.6,-6.4,98.7,0.263,0.29100000000000004,0.542,0.505,13.7,20.2,0.19899999999999998,0.513,12.4,71.0,0.192
2014,Golden State Warriors,24.6,23.0,59.0,26,56,-5.44,-0.44,-5.88,101.7,107.4,-5.7,93.6,0.253,0.235,0.525,0.48700000000000004,13.9,22.4,0.193,0.504,13.0,75.5,0.21100000000000002
2014,Chicago Bulls,24.5,25.0,57.0,22,60,-7.17,0.91,-6.27,103.5,111.3,-7.8,91.4,0.271,0.237,0.523,0.484,13.9,25.5,0.20199999999999999,0.518,12.1,74.5,0.22699999999999998
2014,Los Angeles Clippers,24.7,15.0,67.0,20,62,-8.18,-0.23,-8.41,103.0,111.8,-8.8,91.8,0.27399999999999997,0.231,0.519,0.479,14.1,27.1,0.204,0.52,13.2,71.4,0.225
2014,San Antonio Spurs,23.4,19.0,63.0,16,66,-10.45,-0.21,-10.66,99.4,109.9,-10.5,99.2,0.268,0.258,0.51,0.475,14.8,24.8,0.19,0.524,14.9,72.4,0.244
2015,Los Angeles Lakers,26.6,67.0,15.0,65,17,10.1,-0.09,10.01,111.6,101.4,10.2,98.3,0.239,0.311,0.5710000000000001,0.54,13.1,24.1,0.184,0.47,14.3,74.5,0.217
2015,Portland Trail Blazers,28.8,56.0,26.0,58,24,6.59,0.22,6.8,112.4,105.5,6.9,94.7,0.303,0.322,0.565,0.5329999999999999,11.6,22.8,0.215,0.493,13.2,75.7,0.231
2015,San Antonio Spurs,29.8,55.0,27.0,58,24,6.2,0.14,6.34,108.5,102.0,6.5,93.8,0.256,0.26899999999999996,0.555,0.517,13.1,23.4,0.2,0.484,13.3,77.3,0.19
2015,Phoenix Suns,27.8,60.0,22.0,56,26,5.43,-0.68,4.75,108.9,103.1,5.8,93.9,0.259,0.321,0.563,0.527,13.5,21.4,0.201,0.49200000000000005,14.9,73.4,0.185
2015,Utah Jazz,27.0,51.0,31.0,53,29,4.23,0.18,4.41,108.2,103.7,4.5,94.2,0.225,0.316,0.544,0.508,12.6,24.2,0.18,0.47600000000000003,11.3,76.2,0.182
2015,Indiana Pacers,26.9,53.0,29.0,53,29,4.48,-0.4,4.08,111.1,106.3,4.8,92.3,0.287,0.33399999999999996,0.557,0.52,13.4,26.8,0.21600000000000003,0.502,12.6,74.7,0.177
2015,Sacramento Kings,27.6,56.0,26.0,50,32,3.44,0.38,3.82,107.0,103.4,3.6,96.5,0.312,0.392,0.5479999999999999,0.512,15.0,26.8,0.223,0.486,14.6,72.9,0.20800000000000002
2015,Miami Heat,29.6,55.0,27.0,50,32,3.24,0.38,3.62,105.7,102.2,3.5,92.0,0.276,0.184,0.531,0.489,12.6,24.7,0.214,0.49200000000000005,14.5,75.3,0.183
2015,Minnesota Timberwolves,29.9,50.0,32.0,49,33,2.9,0.46,3.36,109.5,106.4,3.1,95.2,0.262,0.29600000000000004,0.55,0.515,11.9,23.6,0.19699999999999998,0.503,14.7,72.2,0.204
2015,Charlotte Hornets,28.8,50.0,32.0,50,32,3.0,-0.46,2.54,107.5,104.3,3.2,92.8,0.304,0.26899999999999996,0.536,0.489,12.9,27.0,0.23800000000000002,0.473,11.3,74.4,0.182
2015,New York Knicks,25.4,45.0,37.0,47,35,2.18,0.28,2.47,107.8,105.5,2.3,95.7,0.284,0.262,0.532,0.49200000000000005,13.1,28.9,0.214,0.489,12.4,75.6,0.213
2015,Seattle SuperSonics,26.1,49.0,33.0,49,33,3.07,-0.62,2.45,111.0,107.7,3.3,92.8,0.295,0.302,0.5529999999999999,0.508,12.0,25.6,0.23199999999999998,0.506,13.4,73.3,0.20800000000000002
2015,Detroit Pistons,25.3,45.0,37.0,43,39,0.79,0.34,1.13,108.2,107.3,0.9,91.4,0.263,0.233,0.537,0.501,12.5,27.1,0.198,0.496,11.7,75.1,0.195
2015,Philadelphia 76ers,23.4,38.0,44.0,42,40,0.22,0.49,0.71,105.1,104.9,0.2,90.4,0.297,0.27399999999999997,0.531,0.494,14.6,29.1,0.214,0.491,12.8,76.3,0.19899999999999998
2015,Orlando Magic,28.6,46.0,36.0,43,39,0.72,-0.55,0.17,103.7,103.0,0.7,93.7,0.259,0.203,0.534,0.499,14.0,24.9,0.192,0.48100000000000004,12.9,77.3,0.21
2015,Milwaukee Bucks,24.6,41.0,41.0,42,40,0.43,-0.52,-0.09,102.7,102.2,0.5,94.1,0.258,0.223,0.536,0.499,15.5,25.4,0.195,0.48700000000000004,15.9,73.3,0.221
2015,Dallas Mavericks,28.3,38.0,44.0,42,40,0.28,-0.51,-0.23,103.5,103.2,0.3,93.2,0.266,0.255,0.523,0.484,13.1,24.0,0.201,0.478,12.0,77.9,0.217
2015,Toronto Raptors,25.7,39.0,43.0,38,44,-0.9,0.52,-0.38,105.3,106.2,-0.9,96.3,0.251,0.29100000000000004,0.537,0.501,13.7,24.5,0.191,0.49700000000000005,14.0,73.5,0.221
2015,Houston Rockets,25.0,40.0,42.0,41,41,0.16,-0.56,-0.4,104.7,104.5,0.2,95.8,0.233,0.28,0.523,0.489,12.5,24.7,0.17600000000000002,0.494,13.7,75.0,0.20800000000000002
2015,Boston Celtics,25.9,32.0,50.0,38,44,-1.0,-0.39,-1.39,105.3,106.4,-1.1,92.8,0.261,0.29,0.515,0.48200000000000004,12.3,27.7,0.184,0.502,13.2,75.0,0.192
2015,New Jersey Nets,28.5,37.0,45.0,33,49,-2.6,-0.32,-2.92,103.9,106.7,-2.8,90.9,0.306,0.262,0.54,0.5,14.5,23.2,0.22699999999999998,0.505,14.2,73.4,0.213
2015,Denver Nuggets,26.4,30.0,52.0,31,51,-3.55,0.48,-3.07,104.5,108.2,-3.7,96.1,0.278,0.284,0.518,0.479,12.7,26.6,0.204,0.504,13.0,74.7,0.239
2015,Washington Wizards,26.0,29.0,53.0,31,51,-3.71,0.64,-3.07,105.3,109.2,-3.9,95.4,0.363,0.204,0.542,0.49,14.8,26.5,0.276,0.507,11.8,75.2,0.2
2015,Cleveland Cavaliers,28.6,38.0,44.0,33,49,-2.88,-0.25,-3.13,104.4,107.4,-3.0,92.7,0.267,0.24,0.529,0.491,13.0,23.9,0.2,0.506,12.9,73.7,0.185
2015,Vancouver Grizzlies,26.0,33.0,49.0,32,50,-3.17,-0.27,-3.44,100.1,103.5,-3.4,93.0,0.26899999999999996,0.226,0.498,0.456,11.2,22.1,0.20199999999999999,0.48700000000000004,12.0,79.3,0.188
2015,Atlanta Hawks,24.3,25.0,57.0,25,57,-5.72,-0.15,-5.87,101.6,107.7,-6.1,93.8,0.23,0.235,0.524,0.494,14.0,23.1,0.168,0.514,13.6,76.0,0.21
2015,Golden State Warriors,27.0,21.0,61.0,23,59,-6.84,0.67,-6.17,103.4,110.6,-7.2,94.0,0.276,0.22,0.513,0.473,12.1,25.4,0.204,0.518,12.1,76.3,0.231
2015,Chicago Bulls,24.4,16.0,66.0,19,63,-8.79,0.79,-8.0,102.9,112.2,-9.3,94.4,0.309,0.179,0.517,0.46799999999999997,13.7,26.6,0.24,0.537,13.9,71.6,0.187
2015,Los Angeles Clippers,23.2,18.0,64.0,18,64,-8.98,-0.07,-9.04,95.5,104.8,-9.3,95.7,0.28800000000000003,0.319,0.494,0.45899999999999996,16.0,25.5,0.195,0.49700000000000005,15.2,73.0,0.225
2015,San Antonio Spurs,26.9,17.0,65.0,17,65,-9.32,-0.18,-9.5,99.9,110.0,-10.1,91.2,0.23399999999999999,0.24,0.508,0.47,14.0,24.5,0.18,0.512,13.3,73.1,0.23399999999999999
2016,Los Angeles Lakers,27.4,73.0,9.0,65,17,10.76,-0.38,10.38,114.5,103.8,10.7,99.3,0.25,0.36200000000000004,0.593,0.563,13.5,23.5,0.191,0.479,12.6,76.0,0.20800000000000002
2016,Portland Trail Blazers,30.3,67.0,15.0,67,15,10.63,-0.36,10.28,110.3,99.0,11.3,93.8,0.24600000000000002,0.223,0.564,0.526,12.4,23.0,0.19699999999999998,0.47700000000000004,14.1,79.1,0.182
2016,San Antonio Spurs,25.8,55.0,27.0,59,23,7.28,-0.19,7.09,113.1,105.6,7.5,96.7,0.292,0.275,0.565,0.524,14.0,31.1,0.228,0.484,11.7,76.0,0.205
2016,Phoenix Suns,28.1,57.0,25.0,57,25,6.0,-0.55,5.45,110.9,104.5,6.4,93.3,0.259,0.35200000000000004,0.5579999999999999,0.524,12.7,25.1,0.19399999999999998,0.496,12.6,78.5,0.205
2016,Utah Jazz,29.7,53.0,29.0,53,29,4.28,-0.15,4.13,108.3,103.8,4.5,95.8,0.318,0.324,0.556,0.524,12.1,20.1,0.22,0.48,13.8,73.8,0.222
2016,Indiana Pacers,26.3,56.0,26.0,53,29,4.5,-0.42,4.08,110.0,105.2,4.8,92.9,0.32799999999999996,0.287,0.552,0.504,12.3,24.6,0.255,0.498,12.7,77.7,0.201
2016,Sacramento Kings,28.2,48.0,34.0,51,31,3.61,-0.12,3.49,105.1,101.4,3.7,97.1,0.237,0.336,0.552,0.516,13.8,19.1,0.185,0.48,14.4,74.6,0.19399999999999998
2016,Miami Heat,25.2,48.0,34.0,50,32,3.21,-0.37,2.84,106.8,103.6,3.2,98.5,0.264,0.293,0.531,0.488,12.1,25.1,0.20800000000000002,0.48700000000000004,14.6,74.6,0.231
2016,Minnesota Timberwolves,26.0,48.0,34.0,49,33,2.72,-0.36,2.36,107.1,104.3,2.8,95.7,0.28,0.348,0.545,0.502,11.7,20.0,0.222,0.496,12.5,79.8,0.191
2016,Charlotte Hornets,24.2,40.0,42.0,46,36,1.79,0.05,1.84,105.9,103.9,2.0,91.0,0.28600000000000003,0.297,0.54,0.501,14.2,25.9,0.213,0.495,13.5,77.7,0.21
2016,New York Knicks,26.9,45.0,37.0,46,36,1.71,-0.09,1.62,104.6,102.9,1.7,96.6,0.268,0.27,0.536,0.49700000000000005,13.5,23.4,0.205,0.489,14.3,76.0,0.205
2016,Seattle SuperSonics,28.4,48.0,34.0,46,36,1.65,-0.14,1.5,106.1,104.4,1.7,93.6,0.282,0.221,0.545,0.508,13.3,23.8,0.21,0.485,12.1,77.8,0.196
2016,Detroit Pistons,24.3,44.0,38.0,43,39,0.83,0.15,0.98,108.8,108.0,0.8,96.0,0.268,0.332,0.5479999999999999,0.511,13.2,25.9,0.20199999999999999,0.503,12.1,76.2,0.225
2016,Philadelphia 76ers,25.0,44.0,38.0,43,39,0.61,-0.18,0.43,106.1,105.5,0.6,95.1,0.29600000000000004,0.303,0.522,0.491,12.2,27.0,0.19699999999999998,0.504,12.5,79.3,0.196
2016,Orlando Magic,27.8,41.0,41.0,42,40,0.2,0.14,0.34,108.3,108.1,0.2,97.6,0.35200000000000004,0.37,0.5529999999999999,0.516,14.2,25.7,0.244,0.516,14.7,72.8,0.21899999999999997
2016,Milwaukee Bucks,30.3,42.0,40.0,40,42,-0.3,0.29,-0.02,106.7,107.0,-0.3,94.3,0.265,0.33899999999999997,0.544,0.502,12.0,20.6,0.21100000000000002,0.504,12.8,76.2,0.198
2016,Dallas Mavericks,27.3,41.0,41.0,40,42,-0.5,0.0,-0.5,105.3,105.8,-0.5,98.5,0.263,0.282,0.544,0.511,13.1,20.6,0.192,0.515,14.6,77.7,0.218
2016,Toronto Raptors,27.6,42.0,40.0,37,45,-1.48,0.01,-1.46,105.0,106.5,-1.5,95.7,0.24,0.244,0.526,0.48700000000000004,12.6,24.5,0.18899999999999997,0.485,10.7,74.9,0.182
2016,Houston Rockets,23.9,35.0,47.0,36,46,-1.62,-0.06,-1.68,105.1,106.8,-1.7,96.0,0.23199999999999998,0.255,0.5329999999999999,0.5,12.8,23.1,0.175,0.513,13.8,76.5,0.215
2016,Boston Celtics,30.5,42.0,40.0,35,47,-2.24,0.11,-2.14,105.4,107.8,-2.4,93.3,0.295,0.222,0.524,0.47700000000000004,12.3,25.3,0.231,0.518,15.2,75.1,0.251
2016,New Jersey Nets,26.6,33.0,49.0,34,48,-2.48,0.16,-2.32,106.0,108.4,-2.4,100.0,0.295,0.26,0.546,0.51,14.2,23.9,0.214,0.521,14.0,74.9,0.20199999999999999
2016,Denver Nuggets,27.2,32.0,50.0,33,49,-2.73,0.0,-2.74,104.6,107.6,-3.0,93.4,0.255,0.256,0.527,0.483,12.6,23.7,0.205,0.48700000000000004,10.5,75.8,0.204
2016,Washington Wizards,24.7,33.0,49.0,33,49,-3.1,0.29,-2.81,105.6,108.9,-3.3,95.7,0.282,0.27699999999999997,0.531,0.489,13.2,25.8,0.21600000000000003,0.515,12.6,77.3,0.21600000000000003
2016,Cleveland Cavaliers,24.6,29.0,53.0,31,51,-3.54,0.15,-3.38,106.5,110.1,-3.6,95.2,0.332,0.20199999999999999,0.5489999999999999,0.498,13.9,24.3,0.263,0.524,13.6,74.7,0.2
2016,Vancouver Grizzlies,26.6,30.0,52.0,31,51,-3.79,0.24,-3.56,105.6,109.5,-3.9,96.8,0.259,0.27699999999999997,0.537,0.498,12.3,21.2,0.201,0.523,12.7,78.8,0.225
2016,Atlanta Hawks,23.5,33.0,49.0,29,53,-4.18,0.2,-3.98,104.3,108.7,-4.4,94.2,0.276,0.18899999999999997,0.537,0.499,14.2,24.9,0.207,0.51,14.2,73.1,0.221
2016,Golden State Warriors,26.0,23.0,59.0,24,58,-6.66,0.34,-6.32,102.2,109.0,-6.8,98.5,0.271,0.302,0.526,0.48700000000000004,15.2,25.4,0.204,0.523,13.5,77.1,0.237
2016,Chicago Bulls,26.9,21.0,61.0,22,60,-7.35,0.24,-7.12,103.2,110.9,-7.7,95.2,0.24600000000000002,0.218,0.527,0.49200000000000005,13.6,24.1,0.18600000000000003,0.534,13.1,75.7,0.17600000000000002
2016,Los Angeles Clippers,26.5,17.0,65.0,17,65,-9.56,0.64,-8.92,101.6,111.6,-10.0,95.6,0.292,0.29,0.509,0.46,12.5,23.1,0.228,0.523,11.6,74.7,0.20199999999999999
2016,San Antonio Spurs,23.3,10.0,72.0,16,66,-10.23,0.31,-9.92,98.8,109.2,-10.4,97.9,0.26899999999999996,0.327,0.519,0.48700000000000004,14.8,20.6,0.18600000000000003,0.51,13.5,74.0,0.24
2017,Los Angeles Lakers,28.2,67.0,15.0,67,15,11.63,-0.28,11.35,115.6,104.0,11.6,99.8,0.259,0.359,0.597,0.563,13.2,22.8,0.204,0.486,13.5,74.9,0.198
2017,Portland Trail Blazers,29.6,61.0,21.0,60,22,7.2,-0.06,7.13,111.1,103.5,7.6,94.2,0.263,0.281,0.564,0.524,12.6,24.0,0.21,0.49200000000000005,13.5,77.6,0.192
2017,San Antonio Spurs,27.4,55.0,27.0,55,27,5.77,0.08,5.84,114.7,109.0,5.7,100.0,0.304,0.462,0.583,0.545,13.3,24.6,0.233,0.519,13.2,75.8,0.19399999999999998
2017,Phoenix Suns,30.0,51.0,31.0,52,30,4.29,0.13,4.42,112.7,108.2,4.5,96.1,0.312,0.32899999999999996,0.574,0.537,12.0,21.5,0.233,0.506,12.1,76.9,0.21100000000000002
2017,Utah Jazz,26.8,51.0,31.0,52,30,3.94,0.06,4.0,109.6,105.3,4.3,91.6,0.28800000000000003,0.327,0.563,0.526,13.2,23.2,0.215,0.493,11.8,78.9,0.195
2017,Indiana Pacers,26.1,51.0,31.0,52,30,4.21,-0.56,3.65,112.3,107.8,4.5,94.7,0.293,0.289,0.561,0.517,11.8,25.0,0.233,0.507,13.5,76.3,0.223
2017,Sacramento Kings,29.2,51.0,31.0,49,33,3.18,-0.31,2.87,113.6,110.3,3.3,96.2,0.275,0.39899999999999997,0.58,0.547,12.6,21.9,0.20600000000000002,0.516,11.4,75.8,0.174
2017,Miami Heat,25.9,53.0,29.0,48,34,2.63,-0.39,2.25,111.2,108.4,2.8,96.8,0.273,0.39299999999999996,0.5670000000000001,0.525,12.2,21.2,0.22,0.503,12.6,75.3,0.223
2017,Minnesota Timberwolves,26.0,49.0,33.0,46,36,1.8,-0.45,1.36,111.2,109.3,1.9,97.4,0.254,0.284,0.564,0.528,12.8,24.1,0.19899999999999998,0.524,13.8,75.5,0.213
2017,Charlotte Hornets,24.7,47.0,35.0,43,39,0.76,0.39,1.14,108.3,107.5,0.8,97.8,0.295,0.295,0.54,0.5,13.2,27.9,0.22,0.511,12.5,79.0,0.218
2017,New York Knicks,29.5,43.0,39.0,42,40,0.49,0.47,0.96,107.7,107.1,0.6,92.3,0.28,0.316,0.535,0.491,12.1,24.8,0.21899999999999997,0.506,13.6,77.5,0.256
2017,Seattle SuperSonics,26.5,41.0,41.0,44,38,1.06,-0.29,0.77,107.8,106.7,1.1,95.2,0.251,0.314,0.541,0.512,12.4,24.2,0.177,0.496,12.6,76.4,0.22
2017,Detroit Pistons,25.2,40.0,42.0,42,40,0.51,0.19,0.7,113.2,112.7,0.5,98.3,0.276,0.32899999999999996,0.568,0.53,13.2,27.3,0.214,0.532,10.9,78.7,0.19399999999999998
2017,Philadelphia 76ers,26.9,41.0,41.0,42,40,0.43,-0.39,0.03,107.4,107.0,0.4,95.3,0.259,0.256,0.53,0.48700000000000004,12.3,27.0,0.20600000000000002,0.507,12.4,76.8,0.16899999999999998
2017,Orlando Magic,26.5,36.0,46.0,42,40,0.2,-0.26,-0.07,108.8,108.6,0.2,95.7,0.27899999999999997,0.335,0.547,0.501,10.7,19.9,0.22699999999999998,0.523,12.1,79.6,0.16399999999999998
2017,Milwaukee Bucks,24.8,41.0,41.0,40,42,-0.52,0.3,-0.23,110.3,110.8,-0.5,96.7,0.275,0.322,0.5589999999999999,0.52,12.5,23.0,0.214,0.508,11.6,76.8,0.24100000000000002
2017,Dallas Mavericks,25.6,42.0,40.0,40,42,-0.18,-0.26,-0.45,109.1,109.3,-0.2,94.5,0.27399999999999997,0.29,0.565,0.527,13.2,21.5,0.21,0.518,13.6,75.4,0.215
2017,Toronto Raptors,27.0,42.0,40.0,40,42,-0.22,-0.42,-0.64,108.6,108.8,-0.2,95.9,0.261,0.272,0.5579999999999999,0.516,12.8,21.2,0.212,0.512,13.6,75.5,0.225
2017,Houston Rockets,24.0,31.0,51.0,38,44,-1.11,0.47,-0.64,110.8,112.0,-1.2,94.6,0.287,0.249,0.555,0.511,12.9,27.2,0.22899999999999998,0.535,13.2,75.9,0.212
2017,Boston Celtics,27.9,43.0,39.0,39,43,-0.85,-0.38,-1.23,104.9,105.7,-0.8,97.4,0.295,0.309,0.541,0.504,14.2,23.6,0.215,0.507,13.8,76.1,0.179
2017,New Jersey Nets,25.4,37.0,45.0,38,44,-1.12,-0.17,-1.29,106.0,107.1,-1.1,95.0,0.218,0.263,0.521,0.49200000000000005,10.9,24.1,0.157,0.516,12.1,81.2,0.19699999999999998
2017,Denver Nuggets,25.7,34.0,48.0,35,47,-2.1,0.41,-1.69,105.2,107.4,-2.2,98.0,0.256,0.308,0.539,0.504,11.7,18.5,0.192,0.509,12.4,76.8,0.177
2017,Washington Wizards,27.6,33.0,49.0,33,49,-2.93,0.4,-2.53,105.6,108.8,-3.2,92.2,0.225,0.366,0.541,0.505,11.6,18.1,0.18,0.529,14.4,77.6,0.218
2017,Cleveland Cavaliers,27.9,32.0,50.0,31,51,-3.88,0.58,-3.29,107.3,111.3,-4.0,94.9,0.284,0.29100000000000004,0.556,0.516,13.7,21.0,0.22,0.528,12.9,76.3,0.22699999999999998
2017,Vancouver Grizzlies,27.3,31.0,51.0,31,51,-3.67,-0.2,-3.87,107.7,111.5,-3.8,96.0,0.239,0.27899999999999997,0.534,0.496,12.4,26.6,0.188,0.511,11.7,74.1,0.214
2017,Atlanta Hawks,25.0,24.0,58.0,27,55,-5.63,0.49,-5.14,106.6,112.2,-5.6,100.3,0.297,0.255,0.5379999999999999,0.493,13.4,26.0,0.231,0.525,13.1,76.4,0.264
2017,Golden State Warriors,24.6,28.0,54.0,26,56,-5.7,-0.14,-5.83,103.2,108.9,-5.7,98.5,0.258,0.349,0.539,0.501,14.9,22.4,0.19899999999999998,0.512,13.5,75.3,0.23399999999999999
2017,Chicago Bulls,25.1,26.0,56.0,24,58,-6.88,0.58,-6.29,106.0,113.0,-7.0,98.5,0.259,0.295,0.537,0.501,13.5,25.0,0.195,0.542,13.0,75.8,0.213
2017,Los Angeles Clippers,25.3,29.0,53.0,24,58,-6.57,-0.04,-6.61,103.7,110.5,-6.8,96.8,0.24600000000000002,0.3,0.524,0.489,12.1,21.6,0.184,0.523,11.9,77.4,0.201
2017,San Antonio Spurs,26.0,20.0,62.0,24,58,-6.73,-0.01,-6.74,104.1,110.7,-6.6,101.3,0.289,0.371,0.551,0.507,14.7,19.6,0.228,0.513,11.6,76.1,0.212
2018,Los Angeles Lakers,29.8,65.0,17.0,61,21,8.48,-0.27,8.21,114.7,106.1,8.6,97.6,0.298,0.502,0.59,0.551,12.7,21.3,0.233,0.521,13.4,79.9,0.171
2018,Portland Trail Blazers,25.8,59.0,23.0,60,22,7.78,-0.49,7.29,113.8,105.9,7.9,97.4,0.25,0.377,0.575,0.539,12.1,23.0,0.198,0.501,13.0,77.7,0.212
2018,San Antonio Spurs,28.8,58.0,24.0,56,26,5.98,-0.19,5.79,113.6,107.6,6.0,99.6,0.239,0.33899999999999997,0.603,0.569,14.1,21.0,0.195,0.504,12.6,76.3,0.18600000000000003
2018,Phoenix Suns,26.7,48.0,34.0,53,29,4.3,0.17,4.47,108.4,103.9,4.5,95.7,0.26,0.35700000000000004,0.564,0.527,13.7,21.5,0.20199999999999999,0.506,14.0,79.8,0.19
2018,Utah Jazz,25.8,52.0,30.0,53,29,4.5,-0.2,4.3,109.5,105.0,4.5,99.8,0.263,0.344,0.568,0.535,14.6,25.3,0.198,0.49200000000000005,12.6,78.6,0.218
2018,Indiana Pacers,27.3,48.0,34.0,50,32,3.41,0.0,3.42,110.7,107.2,3.5,96.7,0.275,0.345,0.546,0.514,12.4,27.7,0.19699999999999998,0.525,14.7,77.4,0.193
2018,Sacramento Kings,24.7,55.0,27.0,51,31,3.59,-0.35,3.23,107.6,103.9,3.7,96.0,0.243,0.35700000000000004,0.552,0.518,13.0,21.5,0.188,0.495,13.0,78.4,0.191
2018,Miami Heat,29.3,47.0,35.0,49,33,2.89,0.0,2.89,107.9,104.8,3.1,95.0,0.245,0.282,0.5429999999999999,0.507,12.2,23.7,0.18899999999999997,0.507,13.2,78.6,0.17
2018,Minnesota Timberwolves,25.6,49.0,33.0,48,34,2.6,0.0,2.6,109.1,106.4,2.7,96.5,0.24,0.324,0.5489999999999999,0.511,12.3,23.3,0.192,0.503,11.7,79.1,0.193
2018,Charlotte Hornets,27.1,47.0,35.0,47,35,2.23,0.12,2.35,113.4,111.1,2.3,96.0,0.28,0.261,0.5660000000000001,0.523,11.4,24.4,0.225,0.539,13.9,76.4,0.18899999999999997
2018,New York Knicks,25.1,46.0,36.0,45,37,1.48,0.09,1.57,112.5,111.0,1.5,96.8,0.258,0.35700000000000004,0.57,0.536,13.4,25.7,0.198,0.539,12.6,77.5,0.17300000000000001
2018,Seattle SuperSonics,27.6,48.0,34.0,44,38,1.3,0.18,1.48,109.6,108.3,1.3,100.5,0.237,0.319,0.573,0.541,13.3,20.0,0.183,0.513,12.5,76.7,0.175
2018,Detroit Pistons,26.2,48.0,34.0,45,37,1.38,-0.2,1.18,109.5,108.1,1.4,96.0,0.222,0.284,0.557,0.525,12.3,22.7,0.17300000000000001,0.527,14.2,76.2,0.174
2018,Philadelphia 76ers,30.6,50.0,32.0,43,39,0.94,-0.35,0.59,112.9,111.9,1.0,98.0,0.275,0.379,0.584,0.547,12.6,20.1,0.214,0.54,12.2,77.3,0.166
2018,Orlando Magic,26.9,43.0,39.0,43,39,0.59,-0.06,0.53,109.3,108.7,0.6,96.6,0.254,0.31,0.56,0.525,13.3,23.5,0.196,0.522,13.6,77.1,0.212
2018,Milwaukee Bucks,27.0,42.0,40.0,41,41,0.04,0.11,0.15,110.3,110.2,0.1,98.7,0.299,0.314,0.564,0.527,13.2,23.5,0.222,0.52,12.6,76.1,0.203
2018,Dallas Mavericks,26.5,44.0,38.0,42,40,0.48,-0.33,0.15,106.8,106.3,0.5,95.6,0.22899999999999998,0.358,0.551,0.52,13.3,21.5,0.17300000000000001,0.507,13.1,79.0,0.215
2018,Toronto Raptors,26.6,36.0,46.0,42,40,0.26,-0.19,0.07,109.4,109.1,0.3,98.4,0.312,0.314,0.5489999999999999,0.508,11.4,22.2,0.233,0.532,12.4,80.7,0.165
2018,Houston Rockets,25.9,39.0,43.0,41,41,-0.15,-0.11,-0.26,107.2,107.3,-0.1,96.2,0.22699999999999998,0.33299999999999996,0.5429999999999999,0.512,12.3,22.7,0.16899999999999998,0.524,13.7,78.5,0.172
2018,Boston Celtics,25.9,44.0,38.0,40,42,-0.3,-0.15,-0.45,109.8,110.1,-0.3,96.2,0.281,0.297,0.5710000000000001,0.531,12.9,20.4,0.22,0.528,14.2,75.9,0.22
2018,New Jersey Nets,23.7,35.0,47.0,37,45,-1.55,0.11,-1.44,106.5,108.0,-1.5,100.3,0.264,0.32899999999999996,0.5479999999999999,0.517,13.8,23.6,0.188,0.514,12.5,77.7,0.19
2018,Denver Nuggets,27.7,24.0,58.0,33,49,-3.04,0.34,-2.7,106.3,109.5,-3.2,95.6,0.217,0.382,0.544,0.513,11.6,18.0,0.166,0.532,12.9,78.9,0.193
2018,Washington Wizards,26.3,29.0,53.0,32,50,-3.56,0.03,-3.53,107.1,110.7,-3.6,96.8,0.21600000000000003,0.266,0.544,0.51,13.3,24.1,0.17,0.522,12.2,76.7,0.20800000000000002
2018,Cleveland Cavaliers,25.1,28.0,54.0,31,51,-3.74,0.07,-3.67,106.9,110.6,-3.7,98.9,0.26,0.41100000000000003,0.551,0.514,13.6,21.0,0.201,0.517,11.0,77.0,0.201
2018,Vancouver Grizzlies,25.6,25.0,57.0,28,54,-4.82,-0.1,-4.92,105.2,110.1,-4.9,98.1,0.23800000000000002,0.342,0.545,0.512,13.3,20.0,0.18,0.525,12.8,75.6,0.187
2018,Atlanta Hawks,25.4,24.0,58.0,27,55,-5.45,0.15,-5.3,105.0,110.6,-5.6,98.3,0.23600000000000002,0.363,0.547,0.512,14.1,21.1,0.185,0.536,13.6,76.2,0.183
2018,Golden State Warriors,26.0,22.0,60.0,25,57,-6.21,0.39,-5.81,104.5,111.0,-6.5,94.9,0.255,0.317,0.539,0.5,14.0,22.4,0.201,0.529,13.8,76.5,0.256
2018,Chicago Bulls,26.4,27.0,55.0,23,59,-6.99,0.39,-6.6,103.7,111.1,-7.4,94.9,0.19399999999999998,0.278,0.529,0.502,12.8,21.5,0.14300000000000002,0.542,13.5,77.6,0.19899999999999998
2018,Los Angeles Clippers,24.4,27.0,55.0,23,59,-7.04,0.2,-6.84,103.8,110.9,-7.1,98.3,0.21600000000000003,0.35,0.529,0.49700000000000005,12.6,20.6,0.16399999999999998,0.542,12.4,80.6,0.184
2018,San Antonio Spurs,23.7,21.0,61.0,19,63,-9.37,0.57,-8.8,103.5,112.8,-9.3,100.3,0.275,0.32,0.532,0.495,13.9,22.5,0.203,0.5329999999999999,11.9,76.5,0.212
2019,Los Angeles Lakers,26.9,60.0,22.0,61,21,8.87,-0.82,8.04,113.8,105.2,8.6,103.3,0.255,0.419,0.583,0.55,12.0,20.8,0.19699999999999998,0.503,11.5,80.3,0.162
2019,Portland Trail Blazers,28.4,57.0,25.0,56,26,6.46,-0.04,6.42,115.9,109.5,6.4,100.9,0.22699999999999998,0.384,0.596,0.565,12.6,22.5,0.182,0.508,11.7,77.1,0.205
2019,San Antonio Spurs,27.3,58.0,24.0,56,26,6.09,-0.6,5.49,113.1,107.1,6.0,100.2,0.247,0.379,0.579,0.5429999999999999,12.4,21.9,0.198,0.509,13.1,77.1,0.19
2019,Phoenix Suns,27.3,50.0,32.0,54,28,5.26,0.03,5.28,110.9,105.7,5.2,100.3,0.295,0.39399999999999996,0.5720000000000001,0.5379999999999999,13.4,22.9,0.217,0.507,12.4,80.3,0.18899999999999997
2019,Utah Jazz,29.2,53.0,29.0,53,29,4.77,0.19,4.96,115.5,110.7,4.8,97.9,0.27899999999999997,0.519,0.581,0.542,12.0,22.8,0.221,0.525,13.4,74.4,0.21
2019,Indiana Pacers,26.2,53.0,29.0,51,31,4.2,0.24,4.43,114.7,110.5,4.2,99.1,0.258,0.33899999999999997,0.568,0.528,12.1,26.6,0.21,0.516,11.0,77.9,0.195
2019,Sacramento Kings,24.9,54.0,28.0,51,31,3.95,0.24,4.19,113.0,108.9,4.1,97.7,0.23199999999999998,0.348,0.5579999999999999,0.527,11.9,26.6,0.175,0.521,12.3,78.0,0.19399999999999998
2019,Miami Heat,25.7,49.0,33.0,52,30,4.44,-0.54,3.9,112.2,107.8,4.4,99.6,0.215,0.381,0.5670000000000001,0.534,11.5,21.6,0.17300000000000001,0.514,13.4,77.0,0.198
2019,Minnesota Timberwolves,25.7,49.0,33.0,50,32,3.4,0.15,3.56,110.3,107.0,3.3,102.8,0.266,0.34700000000000003,0.545,0.514,11.7,26.0,0.19,0.523,14.4,78.2,0.20600000000000002
2019,Charlotte Hornets,27.0,48.0,34.0,50,32,3.33,-0.57,2.76,109.9,106.5,3.4,98.1,0.242,0.292,0.561,0.53,12.4,21.9,0.182,0.516,14.1,76.2,0.184
2019,New York Knicks,26.4,51.0,31.0,48,34,2.7,-0.44,2.25,112.6,110.0,2.6,101.6,0.312,0.342,0.574,0.532,12.9,24.5,0.24100000000000002,0.512,11.1,78.6,0.20600000000000002
2019,Seattle SuperSonics,28.8,48.0,34.0,45,37,1.68,0.12,1.8,112.9,111.2,1.7,98.3,0.237,0.28600000000000003,0.5720000000000001,0.534,11.0,21.0,0.19399999999999998,0.528,11.0,79.4,0.17
2019,Detroit Pistons,27.2,48.0,34.0,43,39,0.85,0.23,1.09,112.4,111.5,0.9,101.7,0.326,0.295,0.575,0.529,12.7,22.0,0.258,0.514,11.4,76.0,0.22399999999999998
2019,Philadelphia 76ers,25.7,42.0,40.0,43,39,0.71,-0.43,0.28,108.9,108.1,0.8,98.1,0.21600000000000003,0.36,0.55,0.518,11.9,22.0,0.168,0.515,11.8,79.7,0.18600000000000003
2019,Orlando Magic,25.4,42.0,40.0,41,41,-0.07,-0.33,-0.4,109.6,109.7,-0.1,100.8,0.284,0.40299999999999997,0.556,0.52,13.0,23.8,0.21100000000000002,0.512,11.6,76.4,0.19
2019,Milwaukee Bucks,27.0,39.0,43.0,40,42,-0.23,-0.22,-0.45,107.3,107.6,-0.3,98.2,0.247,0.368,0.542,0.515,13.1,24.8,0.172,0.51,12.7,77.6,0.201
2019,Dallas Mavericks,26.9,41.0,41.0,40,42,-0.24,-0.31,-0.56,109.0,109.2,-0.2,97.4,0.262,0.39399999999999996,0.544,0.509,12.3,24.8,0.195,0.526,12.8,78.7,0.21100000000000002
2019,Toronto Raptors,24.8,39.0,43.0,38,44,-1.12,0.31,-0.81,110.4,111.5,-1.1,103.1,0.244,0.321,0.5539999999999999,0.524,11.5,23.1,0.177,0.5329999999999999,13.6,75.5,0.207
2019,Houston Rockets,26.9,33.0,49.0,38,44,-1.28,0.42,-0.87,109.4,110.7,-1.3,99.0,0.29100000000000004,0.42200000000000004,0.555,0.519,12.7,22.7,0.21600000000000003,0.522,11.6,77.5,0.191
2019,Boston Celtics,26.2,36.0,46.0,37,45,-1.5,0.48,-1.02,111.4,112.9,-1.5,100.2,0.267,0.315,0.552,0.511,11.4,24.6,0.21,0.5379999999999999,12.9,74.9,0.19
2019,New Jersey Nets,25.7,33.0,49.0,38,44,-1.33,0.23,-1.1,111.4,112.6,-1.2,103.3,0.254,0.324,0.563,0.529,12.6,24.1,0.193,0.532,11.6,76.8,0.193
2019,Denver Nuggets,26.6,39.0,43.0,38,44,-1.1,-0.22,-1.32,111.4,112.5,-1.1,98.7,0.257,0.37799999999999995,0.5539999999999999,0.514,10.9,21.7,0.205,0.5379999999999999,12.1,77.1,0.179
2019,Washington Wizards,26.2,37.0,45.0,37,45,-1.72,0.39,-1.33,107.8,109.5,-1.7,103.2,0.257,0.342,0.5539999999999999,0.527,13.4,22.2,0.18,0.516,12.2,76.4,0.192
2019,Cleveland Cavaliers,27.7,33.0,49.0,34,48,-2.6,0.51,-2.08,106.1,108.8,-2.7,96.6,0.272,0.342,0.5479999999999999,0.508,12.9,20.0,0.21,0.521,13.9,77.6,0.23199999999999998
2019,Vancouver Grizzlies,26.5,32.0,50.0,34,48,-2.9,-0.4,-3.3,111.1,113.9,-2.8,101.4,0.266,0.37,0.5670000000000001,0.531,12.3,21.3,0.204,0.546,13.5,74.1,0.19899999999999998
2019,Atlanta Hawks,25.1,29.0,53.0,27,55,-6.02,-0.04,-6.06,108.1,113.9,-5.8,103.9,0.255,0.40299999999999997,0.555,0.522,14.3,24.7,0.192,0.541,12.8,76.4,0.237
2019,Golden State Warriors,24.0,22.0,60.0,21,61,-8.41,0.1,-8.32,104.8,113.2,-8.4,99.0,0.235,0.295,0.541,0.505,12.7,19.4,0.184,0.541,11.9,77.3,0.188
2019,Chicago Bulls,24.0,19.0,63.0,19,63,-9.34,0.73,-8.61,105.9,115.1,-9.2,100.5,0.259,0.335,0.552,0.514,13.8,20.5,0.20199999999999999,0.545,13.5,72.5,0.23600000000000002
2019,Los Angeles Clippers,23.4,17.0,65.0,19,63,-9.21,0.28,-8.93,104.5,113.7,-9.2,99.6,0.27,0.33399999999999996,0.529,0.49,12.4,22.1,0.205,0.5329999999999999,11.7,76.1,0.203
2019,San Antonio Spurs,25.2,19.0,63.0,19,63,-9.61,0.22,-9.39,107.7,117.6,-9.9,96.6,0.23600000000000002,0.332,0.54,0.503,12.2,23.7,0.187,0.564,11.5,77.0,0.18100000000000002
